Well_ID,Date,Time,Pressure,Temperature,Flow_Rate,Pump_Speed,Gas_Oil_Ratio,Water_Cut,Vibration,Event_Type,Maintenance_Required,Downtime
7.0,2023-12-15,14:42:07,3394.6339367881465,131.2037280884873,155.99452033620264,174.2508365045984,1326.0289895074156,0.6011150117432088,7.080725777960454,Normal,0.0,0.0
2.0,2023-12-10,11:29:37,1003.1150633640573,298.4423118582435,617.4815096277165,1834.9594814648426,,0.023062425041415757,5.2477466025838915,Normal,0.0,0.0
16.0,2023-09-28,14:50:43,3056.9377536544466,218.4829137724085,46.45041271999772,1822.634555704315,421.68136079347903,,9.488855372533333,Blockage,1.0,59.73743027945351
9.0,2023-12-12,20:01:19,1964.1018641040469,236.65270376509164,609.9966577826209,2499.584735208493,425.3740495601037,0.3910606075732408,1.8223608778806233,Normal,0.0,0.0
6.0,2023-02-23,09:03:53,1125.2531698222342,268.4569549189997,449.75413336976567,1185.4507080054432,1404.6565255319324,0.7272719958564209,3.265407688058354,Normal,0.0,0.0
8.0,2023-08-01,15:44:17,,217.35023313276963,965.255307264138,1821.102743060054,558.7989366293064,0.2962735057040824,1.652669390630025,Normal,0.0,0.0
9.0,2023-12-10,00:43:07,1022.0884684944097,263.09228569096683,706.8573438476171,2187.021504122962,1202.6514506917295,0.07404465173409036,3.5846572854427263,Normal,0.0,0.0
7.0,2023-07-20,07:11:33,1381.6404659616453,174.16365043965328,668.8412526636073,1997.76706985249,968.6871240200453,0.27472179299006416,5.612434258477012,Normal,0.0,0.0
15.0,2023-05-11,00:04:25,1943.939678995823,151.2136645522648,40.43358953843135,2131.988669057362,344.1580670553807,0.4393365018657701,2.017192023353962,Pump Failure,1.0,92.45331213822409
4.0,2023-08-10,04:22:38,2641.531692142519,251.11022770860973,228.79816549162246,230.93972948637898,576.6768887878984,0.16122128725400442,9.29697652342573,Leak,1.0,31.869765286458634
6.0,2023-10-11,11:43:19,4570.235993959911,207.86844838313016,807.4401551640625,2688.2738997704796,613.404517463423,,2.279351625419417,Normal,0.0,0.0
20.0,2023-08-21,02:38:05,3042.989210310263,183.4822006297558,222.10781047073024,359.5961020010484,638.8997228247163,0.9429097039125192,3.2320293202075523,Normal,,0.0
9.0,2023-06-29,16:48:57,4849.789179768445,150.35645916507283,497.2485058923854,902.634929450309,570.2926426907079,0.036886947354532795,6.095643339798968,Normal,0.0,0.0
,2023-08-12,00:00:18,3722.821806219067,206.18691666342727,447.78316457309165,1658.6792672139838,970.5057410432116,0.08085332633271525,3.6965445606140444,Normal,0.0,0.0
6.0,2023-10-07,04:51:33,3534.1188430435786,207.1549368149517,90.28977005440831,2505.907486767714,617.0140844632566,0.18651851039985423,0.40775141554763916,Normal,0.0,0.0
4.0,2023-12-12,02:18:19,3580.6911616377993,134.8732858009983,690.9377381024659,1160.2060389016121,1417.748985357755,0.13752094414599325,3.410663510502585,Normal,0.0,0.0
10.0,2023-04-09,06:59:15,4268.888800804863,211.04016231989246,529.6505783560065,725.556872701355,321.03359814766895,0.8972157579533268,9.004180571633304,Normal,0.0,0.0
9.0,,02:18:47,4386.644568953224,,404.5081271221901,2663.3102962828793,1306.2069833977666,0.9356349942209475,7.853406511139436,Normal,0.0,0.0
3.0,2023-04-22,02:24:28,2135.683898949863,161.0727720688787,485.6137535862266,1345.272428958742,1492.7947013940668,0.17592525267734538,0.18075363615520867,Normal,,0.0
16.0,2023-05-15,02:16:32,3170.160922219597,,636.3326181858954,751.3854558167524,966.832101828707,0.978892858275009,4.8674215295945515,Blockage,1.0,35.80123939266743
1.0,2023-10-11,14:32:04,1920.741072966221,199.83867597695047,572.0041992091831,2305.662042918927,,0.994550510797341,4.69944513990943,Normal,0.0,0.0
6.0,2023-04-09,08:36:23,,210.552993367098,572.2924691708383,2940.994751148137,297.95013280796667,0.30569701928718185,1.9091103115034602,Normal,0.0,0.0
3.0,2023-05-08,17:24:41,4744.619096643124,239.2059593349946,570.061170089365,291.5294813123056,,0.9900538501042633,1.4008401523652403,Normal,0.0,0.0
2.0,2023-09-30,07:32:08,3809.936335948437,171.89823024395105,293.5918442644934,2428.0834664355407,1253.147413082935,0.8670723185801037,9.132405525564714,Normal,0.0,0.0
4.0,2023-06-22,19:00:07,3807.8675090308134,259.1585338872202,890.0053418175663,1013.9854705546074,688.2578384319272,0.093981939840869,5.78280140996174,Normal,0.0,0.0
17.0,2023-06-29,09:05:14,2440.762565645052,125.41210253037696,,2309.9806592958325,480.5673357458961,0.6228904758190003,0.85347464993768,Normal,0.0,0.0
20.0,2023-12-16,,1553.4123696712054,126.54908444859396,969.536867114159,,253.38777179823853,0.39882090144479454,4.33520737580742,Normal,0.0,0.0
5.0,2023-04-27,22:08:11,2635.81177765708,134.65886401416915,156.43704267108603,750.728694493786,913.9946641179566,0.7145959227000623,6.601973767177313,Normal,0.0,0.0
16.0,2023-07-08,06:04:21,3920.157266247274,,566.0372104940762,475.9393429274731,356.2140421473348,0.3418796667164016,0.9179906581344188,Normal,0.0,0.0
14.0,2023-07-23,15:25:25,2966.463500467329,194.69435415611315,173.20186991001518,,718.0561547165855,0.6158500980522165,6.350936508676438,Normal,0.0,0.0
10.0,2023-09-07,18:57:31,4425.959364753289,231.738726323789,162.9344270814297,211.70624220128954,1035.1450616682102,0.026511310541621813,5.8577558127346325,Blockage,1.0,44.83034738405625
18.0,2023-06-12,00:32:50,4282.557902975821,225.18793402031457,820.4268437712681,1954.4543155733638,468.689667839769,0.27396112732113376,2.145891197083741,Normal,0.0,0.0
19.0,2023-08-30,02:22:16,3622.8905415229688,177.079324193113,681.6136689727897,1021.8737083927201,538.902886706674,0.4960374542934062,6.928903586919394,Normal,0.0,
11.0,2023-08-05,20:56:35,1709.7581751188914,,,2971.51542600202,736.4029799848544,0.37201808579278317,7.764129607419968,Normal,0.0,0.0
5.0,2023-09-25,16:54:12,3959.6350417894982,147.64723048079588,377.72888617629485,1602.9824205916902,845.529547888001,0.38961808621920346,,Normal,0.0,0.0
4.0,2023-08-21,18:11:08,2277.2545503616593,290.012393410161,950.6071469375561,1720.3136643698583,1021.388375820739,0.44844552197831977,,Normal,0.0,0.0
4.0,2023-02-22,22:15:56,,286.1858211374585,974.2482085344102,2987.7937260909875,272.6325010805551,0.7370355567910089,5.45915770164989,Normal,0.0,0.0
15.0,2023-03-17,08:09:57,3472.872253265044,120.22453522455805,84.10680611499744,2102.90739437736,294.59190827345157,0.8218600592903562,7.062422271564962,Normal,0.0,0.0
5.0,2023-12-05,07:47:44,2482.5685882675634,262.5599134515005,947.2485773838587,2958.003191468613,,0.37625958553091576,0.8350071669866876,Normal,0.0,0.0
7.0,2023-04-01,09:25:18,1444.7899292246054,198.52502085817184,11.35364476741907,1405.9819259823787,273.1942583863886,0.11881791626807192,1.1752624677710488,Normal,0.0,0.0
1.0,2023-12-14,16:24:55,3113.4804851888366,187.2671663213112,802.1092490267341,2933.7020062628126,922.80655023536,0.32268638827758367,0.4340078329817276,Blockage,,66.82340577783421
4.0,2023-08-15,18:19:56,3092.3913766805954,225.8797276270525,695.7486889846172,1363.6231943033197,1015.8255041092825,0.5843143119231002,9.01158010490989,Normal,0.0,0.0
12.0,2023-11-26,15:07:37,2822.6270111428516,224.02651956030735,277.38118298113267,564.363479171284,802.8079264219768,0.3533522280260528,,Normal,0.0,0.0
9.0,2023-08-16,21:16:08,2238.110465145311,262.7590039413897,684.7311725538792,487.8508180346739,1384.2053398419953,0.822537242923169,9.49799913291924,Normal,0.0,0.0
15.0,2023-01-10,23:29:49,3206.35149017628,132.96685222740018,411.2551165853691,,824.481106426261,0.9852860506655043,3.7673896993794074,Normal,0.0,0.0
17.0,2023-04-08,08:34:00,1054.6878593079891,115.07181207049246,691.714397168912,1603.0388250883893,1174.8839743109634,0.9131657522576428,5.85149532325472,Normal,,0.0
10.0,2023-03-24,16:20:13,1820.1813140260997,150.2884879023597,274.73179702590875,621.6829470241694,1341.68686772295,0.7569991321722287,0.4689646779121992,Normal,0.0,0.0
7.0,2023-06-03,01:53:53,4325.4859602500055,161.55544795420988,816.3857352130624,2903.921296319469,314.93069037534053,0.7918178394696329,5.8995589713763605,Normal,0.0,0.0
15.0,2023-08-17,20:13:01,4220.178670077447,280.63021173532525,617.263712097292,2941.3881752771335,990.5142044044508,0.6366443216222826,5.5481560854222565,Normal,0.0,
2.0,2023-11-04,05:32:23,4641.8851136130925,159.59189030839008,523.6022760150112,,1235.4133083760405,0.45934680794617244,8.420914150187096,Normal,0.0,0.0
20.0,2023-03-10,01:05:52,2389.653632901657,141.82615821570283,579.6499344717384,1024.689631369635,898.4424417282911,0.46011915898357203,5.847661059491537,Normal,0.0,0.0
16.0,2023-01-08,03:39:03,2382.669133295453,279.3576819812024,473.9616402628724,2002.6732155630816,424.0158325621188,0.19228901880867078,,Normal,0.0,0.0
10.0,2023-11-13,21:20:05,1482.5434844024032,192.15575360654515,206.33371840579252,1092.8095831442263,854.442452111314,0.6903948286293653,0.39312139841098936,Normal,0.0,0.0
15.0,2023-02-25,10:47:16,2107.5105925888147,261.24025595861224,748.2596903836584,553.563058069132,472.1541203377234,0.370472102791382,4.845229851910213,Normal,0.0,0.0
14.0,2023-08-04,01:44:25,1146.7328115623916,,713.3495858845524,2685.620513061598,865.1806747503659,0.5321134852653157,1.0717201133977605,Normal,0.0,0.0
,2023-01-15,22:36:27,1080.2847911109054,164.41583311663567,211.44800699654465,982.492056533744,355.6907713650266,0.890527280739895,5.935924535540487,Normal,0.0,0.0
3.0,2023-08-21,12:17:46,3336.797938856677,247.36449507898257,557.7422659504374,1759.6063039822773,933.7961052794336,0.37877262595128935,3.374468338719181,Pump Failure,1.0,111.48795201027448
13.0,2023-08-17,00:52:21,1901.3311908501128,173.07136393481153,487.8098008087379,2552.4525535084385,314.25391190218704,0.8058648867411434,0.5565348935697534,Leak,1.0,6.271961026478564
8.0,2023-08-17,03:23:30,4586.441051896083,215.199683561132,917.3956130855316,15.90001919281625,1467.5873118286852,0.49074877925878446,7.228960966217757,Leak,1.0,35.61211991680836
11.0,2023-01-26,18:44:43,1820.3102405978366,293.5988133008468,710.9524788367482,598.5207820149593,1157.1213388080346,0.5298400231811167,7.072300956444445,Normal,0.0,0.0
6.0,2023-10-20,10:35:12,3130.3577302063436,110.36470736448538,336.6042781939206,403.2440308169227,282.38746161459807,0.9899602323899452,3.2235384497472297,Leak,1.0,15.20418880960561
5.0,2023-11-25,,2892.664804207569,221.22037621116772,794.2894499664625,320.0977503403082,1305.945698021391,0.7459745255487181,4.085182929359169,Blockage,1.0,71.419486493273
2.0,2023-03-17,02:34:00,3964.4825971602363,214.8946226359824,,419.3171298788685,1233.8475054178573,0.20162732004774453,1.636559428657045,Normal,0.0,0.0
5.0,2023-12-05,,2264.7863291859785,217.66133515901134,682.9820634171324,1355.8458038971178,,0.8996674452921731,6.2410154418183765,Normal,,0.0
15.0,2023-06-02,16:32:46,2535.564885492846,208.71057222279774,906.4721109645469,1872.7139877419763,351.96745292087326,0.9398321236134751,6.277080530714178,Normal,0.0,0.0
20.0,2023-01-15,14:28:32,3133.844367905286,278.77851661019156,788.5972112245307,455.0246391982535,605.2386881342127,0.24848913981446574,7.43946292572677,Normal,0.0,0.0
2.0,2023-01-10,04:58:09,2368.32699486363,264.25146093440253,110.63173695520723,2539.3568752035544,365.7352610315771,0.39728729056036727,7.972953657795536,Normal,0.0,0.0
15.0,2023-11-20,11:44:01,1048.812289272178,219.68854024104542,565.5083473229738,2148.5372241988566,978.7381742105244,0.8267988278090783,9.590747945640278,Normal,0.0,0.0
6.0,2023-07-19,22:46:25,4789.133358447261,130.67028062321603,586.2298320167972,,994.8905060650421,0.01811018382084051,8.721239089441514,Blockage,1.0,44.16852374970937
4.0,,23:36:07,3605.4688439529846,254.2493337039476,374.43536972042205,206.76461810165637,300.5173851354234,0.1042469660518095,8.40439631980423,Blockage,1.0,15.859890038126963
5.0,,13:35:53,4349.963156009968,166.4292825309878,311.4442640456412,682.1868626313379,990.2627119325363,0.37930569838554884,7.442496518432888,Normal,0.0,0.0
9.0,2023-10-18,,4679.422465651041,169.26919887319224,346.9532018962277,2212.503744329245,787.8833231567493,0.22460482293998196,4.524395161326934,Normal,0.0,0.0
7.0,2023-06-29,05:52:23,2245.8926845310298,256.09914150921753,277.58717262941815,660.2916422432912,476.48501964359417,0.5151736824068126,,Normal,0.0,0.0
20.0,2023-04-28,21:27:39,3008.7800413249706,219.07700346400875,67.07647738842748,2249.8814111975335,472.8772710242615,0.8980542894407137,2.0513964048200717,Normal,0.0,0.0
13.0,2023-10-13,15:39:18,1262.8345577134096,255.1055233390021,453.2888347480276,1573.1708079827401,772.9915710196966,,5.596403313082179,Normal,0.0,0.0
1.0,,22:38:02,2493.2372651190117,154.14893462871075,643.9995432390158,1226.2025132942892,233.00226235844832,0.15615259736619036,7.159722288473976,Normal,0.0,0.0
1.0,2023-11-09,22:02:23,1784.4523987738112,201.10157582120675,595.0489797004205,1017.8137376885728,940.2765730925504,0.887460482513503,5.567215847833661,Normal,0.0,0.0
3.0,2023-04-06,23:13:31,4422.785872425143,266.0439729133983,397.1835296184548,2004.2554097119385,466.47958404056726,0.29314773026101326,8.963358185211197,Normal,0.0,0.0
7.0,2023-06-10,22:20:18,1491.107558650834,275.28881517505874,,2111.8384054155285,1383.811204602395,0.6247612710432511,3.358658571498351,Leak,1.0,19.974605336583984
12.0,2023-01-20,04:36:37,4095.338092805361,172.5515789331891,861.0680199747216,658.5315752428761,1466.911444758531,0.7797587747880308,1.1423792592039683,Normal,0.0,0.0
14.0,2023-08-03,16:49:50,3049.8306235276864,248.3373888457331,698.8458531609044,1207.6501307909416,483.43003974231243,0.6450541677693294,4.217039345532818,Normal,0.0,0.0
13.0,2023-04-08,22:36:10,4290.3355036466955,205.93233573101622,815.0544284024571,1494.2722605330173,287.3280198904231,0.40524808802768875,4.9746489397989055,Normal,0.0,0.0
10.0,2023-12-08,20:26:56,2065.993573483529,246.4369156918125,250.73066056159777,1899.2941900723426,842.5560051797528,0.5732943781794007,8.381069631782958,Normal,0.0,0.0
,2023-03-05,01:59:53,3952.134465705482,,603.1521094663882,736.0473290439629,706.0842982545695,0.28869373677069987,3.5567271646494913,Normal,0.0,0.0
7.0,2023-08-20,02:53:33,2586.597492208217,290.81738730792665,135.00127742120694,,550.8845891098533,0.5398427789081934,1.6201387789158461,Leak,1.0,41.24194536984052
13.0,2023-07-20,01:52:08,,245.63775124072066,495.49131620619846,2065.207189283208,765.2755401848701,0.2464020332391068,8.191023176741997,Normal,0.0,0.0
12.0,2023-04-12,01:11:18,2258.3862272376437,261.4860503633522,962.0987857641177,2370.040676375568,1097.7283021793328,0.5213006674135694,0.8670521186218361,Blockage,1.0,56.537114492523614
17.0,2023-08-03,04:53:15,4396.782606261277,149.93360177183717,489.4249636431405,663.6283254588067,1483.968410395641,0.9440593396866133,0.394268113685059,Normal,0.0,0.0
7.0,2023-10-09,20:21:57,2251.4194260223503,124.10451575729289,731.0236714582816,577.7970833568913,349.86662762146966,0.4217626597305125,7.953418379590974,Normal,0.0,0.0
20.0,2023-04-13,16:13:30,2458.7889978292233,212.1354388007028,481.0618838440864,2654.995069569843,889.3446724253702,0.4410321617481616,4.044854496818507,Normal,0.0,0.0
17.0,2023-01-04,21:24:12,3503.5655057480362,277.1955496472374,615.8631881823046,698.8784242609013,231.72101602349943,0.8700988739009299,,Pump Failure,1.0,100.16694729991852
3.0,2023-02-08,13:51:28,4068.7531557245075,180.38618272184843,,1882.5163896551103,1335.7802484422405,0.9840834691992951,7.682734138645182,Normal,,0.0
7.0,2023-12-06,04:00:29,1013.3854481719169,,297.0028764548822,2558.465465075704,1130.2193098045145,0.5891085344708948,,Blockage,1.0,10.886443342100684
15.0,2023-11-01,23:03:11,4825.6627902377,259.59786442867664,258.98265160181364,1765.6626869197362,1477.0296696041062,0.8841989781315029,6.00798446442198,Blockage,1.0,71.30783422805497
7.0,2023-02-21,03:58:07,4770.927096540503,229.9293297984737,607.7367948788591,1538.0655330495258,499.8707552330863,0.17652803200550826,2.2048620907017535,Normal,0.0,0.0
,2023-09-19,04:04:53,4876.410520563246,276.7571769926851,927.752283195213,2984.723467939306,426.06382398533344,0.39624201890265875,7.582384757040913,Normal,0.0,0.0
3.0,2023-06-09,02:37:12,1895.2704592904925,207.3948845786827,592.9399348417031,1740.2586235134336,318.93288861708135,0.8774608626303804,2.6560004258870604,Normal,0.0,0.0
9.0,2023-07-14,,4238.064298899512,231.04839612780435,550.8573706091393,260.9602797342304,730.9891769919083,0.372688517012314,2.5975378376032623,Normal,0.0,
18.0,,15:12:27,1304.5234379612007,270.24138280975376,495.1465270139743,1441.759731979944,970.1301200573729,0.8246809659251492,3.4780920790219305,Normal,0.0,0.0
13.0,2023-08-25,00:05:23,4189.704086427712,231.6903669316851,850.581729094242,2601.882602879407,1120.8718697295453,0.837013328363672,6.974714616692836,Normal,0.0,0.0
6.0,2023-07-07,06:04:42,4845.261152739629,193.0940017539967,879.0714802281317,15.435512264144302,1265.9309926305302,0.22862516152492351,9.08701309269368,Normal,0.0,0.0
2.0,2023-07-25,12:28:11,1025.5434868673344,157.40762663498256,616.9269183757422,2943.5585340822704,1021.3575851216689,0.2598035810641598,6.340057030996114,Normal,0.0,0.0
3.0,2023-11-22,18:29:06,3165.066314704441,292.59840077179894,341.8721660386861,1897.8656794018443,1411.6365371630227,0.10250972799067926,9.372284872364512,Normal,0.0,0.0
18.0,2023-11-20,16:11:21,3834.2880184105175,194.71477768701772,57.92046055879829,224.08325327356204,1308.139056958242,,6.760522571867544,Normal,0.0,0.0
3.0,2023-01-07,10:32:05,2487.3341169548985,263.75712867141874,252.5087496883822,3.0884395369001894,406.6197682597835,0.46853941676858435,9.443036349578298,Normal,0.0,0.0
9.0,2023-02-08,14:54:28,3774.7289031259547,144.15392255775208,82.3810456158427,2041.4979062241393,1050.8645785654758,0.2732595269982093,9.508635622504103,Normal,0.0,0.0
15.0,2023-12-23,19:05:18,2096.86080939468,296.79552959196565,409.33400631504304,2682.2976110374034,498.94098765841204,0.2131047040250833,0.3113408288451136,Normal,0.0,0.0
12.0,2023-10-01,14:43:15,3172.9312231598324,131.8491476558529,203.7012492762742,273.49347121857505,399.7554496094465,0.45369363460528267,5.303543937282561,Normal,0.0,0.0
12.0,2023-06-30,23:59:57,3466.601258082952,259.30745819523526,481.5223515125501,351.92456688718346,362.7415298633156,0.6855652872289714,4.303058948994627,Normal,0.0,0.0
2.0,2023-12-10,07:10:12,1598.322570670263,192.91971932716203,680.4566263593252,1186.635251639906,1467.1098074318968,0.7218876279269351,6.569838575644931,Normal,0.0,0.0
6.0,2023-09-24,21:50:23,1583.6882961405818,120.55848089853313,570.9045018441643,55.10291082162,,0.2103495799188686,3.460165676448396,Normal,0.0,0.0
18.0,2023-12-19,01:32:32,4530.133943278401,116.50170688808426,824.5140468968339,1073.4040527848142,618.723112885136,0.9774663863147858,2.0085908986229417,Normal,0.0,0.0
15.0,2023-04-16,22:43:48,4806.1998974213075,124.84399334561186,896.2213026850383,1784.3299121308082,1001.5859564212162,0.6129441748656059,2.988358863373138,Blockage,1.0,68.63042960838648
20.0,2023-11-14,14:58:06,3643.2804731970027,210.6002905183917,,2351.4976602565857,825.1749808836803,0.040754106092472764,1.6399948098949724,Normal,0.0,0.0
18.0,2023-01-12,22:11:12,2917.115714305149,223.14840438844857,329.0174378146622,1410.5477780899953,1167.5627852734424,0.8718327789731212,4.336553339563888,Normal,0.0,0.0
12.0,2023-03-23,05:17:18,1913.8189653251948,299.2667832113484,974.7931621467832,,459.4051862078887,0.6802282424312913,0.7219840897917584,Normal,0.0,0.0
1.0,2023-11-28,16:29:20,3908.676279065232,248.5413042399962,425.49333444807536,1037.8049776408886,682.3503918799836,0.9876495637360578,0.4010919141248248,Pump Failure,1.0,107.32925883442465
4.0,2023-09-07,20:33:35,4493.692952326643,280.1403728022517,421.7209268734554,830.4833917051548,,0.912363345616691,2.106621890056666,Normal,0.0,0.0
8.0,2023-01-21,14:32:34,4104.000828141718,181.0620366171487,601.8553836620085,1897.6215996789183,684.7032283456148,0.5126152052058052,4.13031174647697,Normal,0.0,0.0
9.0,2023-11-14,21:59:46,3371.6735993271272,,662.6212790083204,,1047.7602191895694,0.3121480566964471,3.9904594613711106,Pump Failure,1.0,25.300378194655238
1.0,2023-06-13,12:22:46,1938.6961530462045,276.7419339321505,442.02437378285754,992.6680889675158,783.410845980824,0.6693904014593614,1.457565682447517,Normal,0.0,0.0
8.0,2023-06-20,11:00:56,1668.1676316037995,133.52384325766354,36.671426933542975,2209.2060451969214,1062.9458859083466,0.4746308757498139,8.441704489691972,Leak,1.0,29.755592033457095
15.0,2023-04-18,19:49:13,1228.3474243572593,206.2339056002064,936.6056922949615,118.03062200552894,358.7428882130348,0.4521990282834353,9.33875017527905,Normal,0.0,0.0
17.0,2023-06-28,13:11:41,2589.515953857604,195.97941631841465,685.9677359829841,52.13937055643891,620.0698541913621,0.9730977480703464,5.801122296954681,Normal,0.0,0.0
,2023-06-27,22:43:37,1558.6050190252517,105.99471797453559,307.9299415911909,2114.04228820994,462.40948775983287,0.6734324333249173,9.699120461072704,Normal,0.0,0.0
8.0,2023-06-06,05:04:46,1708.5991577895436,238.5251904452329,,2833.8426584220697,1088.2224367765396,,6.178472402012138,Pump Failure,1.0,106.16780351599148
12.0,2023-11-24,13:03:32,3402.4381701849443,288.17507126761296,826.8388837118774,2000.9145509727218,950.3408077252726,0.3485736672419705,,Normal,0.0,0.0
9.0,,08:24:47,4009.71105046229,118.09633905741015,288.6855955306381,327.3288952972492,1045.6651421292304,0.7651908645557847,9.256748308807119,Normal,0.0,0.0
2.0,2023-03-23,12:40:22,,263.5668432350043,120.20905537060844,1633.4672938825486,207.48625864755803,0.3245858299002703,3.664615348713979,Normal,0.0,0.0
19.0,2023-11-12,00:48:31,2493.00716651736,145.4539254526303,,1810.3457801441336,1068.6766381215211,0.6194903460096145,4.6349404380057235,Normal,0.0,0.0
8.0,2023-10-31,01:05:27,1102.5682632257428,168.24956552523128,380.19561878585705,1196.4683426907015,954.224079995532,0.5336025467268785,,Normal,0.0,0.0
6.0,2023-10-29,17:43:58,3084.9365299413375,264.4786837634116,430.8620915380333,2690.142869520367,292.6643510717131,0.9546600300333075,6.546930814313482,Normal,0.0,0.0
4.0,2023-10-04,12:21:18,1405.683313796866,197.17435183726514,256.77656772050796,854.6187058857685,599.4769544041726,0.8030258978326634,5.391612766752544,Normal,0.0,0.0
4.0,2023-06-07,17:01:48,4906.900954650316,264.634803119132,522.4810405161184,369.66796251649816,1317.2405312647659,0.7997810954240216,1.8458512953703299,Normal,0.0,0.0
17.0,2023-10-25,23:35:19,,261.1985099550316,550.2265421562618,130.2375985644575,1023.0967882722291,0.951403342206657,6.016118201463312,Leak,1.0,42.90508438732994
,2023-01-26,08:14:09,1699.0937713095086,172.15450382211998,905.8911047877604,,923.6281753177324,0.2556449978092723,3.0206050183479505,Normal,0.0,0.0
4.0,2023-03-01,06:09:24,1382.1412553386726,,451.7676787372291,1759.8253895264222,418.41847006832245,0.7368737449441821,8.627970775432285,Normal,0.0,0.0
17.0,2023-05-30,15:36:14,1920.98467371148,141.23723290368528,637.9607933159701,770.6515429371444,1021.620131826544,0.058454614108553904,1.4177439352710186,Normal,0.0,0.0
7.0,2023-03-26,17:02:41,2712.798459702459,243.51955313163523,,2973.767981106565,366.91257629036284,0.10410964938416634,7.243388171287411,Normal,0.0,0.0
7.0,2023-04-19,13:35:39,3581.1593501028674,219.15014563779135,,1100.868237614402,646.6286172084151,0.6171557833956468,4.424099364806695,Leak,1.0,33.462515109894326
12.0,2023-01-27,20:07:37,3371.2479666136906,236.02638622069028,230.82918915401208,1370.575934641106,447.4223216647881,,3.7847642348586907,Normal,0.0,0.0
3.0,2023-12-20,22:29:51,1240.569370403141,,957.6252845053803,525.908827072979,1097.0063580668655,0.20093368865905648,5.3582768447308124,Normal,0.0,0.0
16.0,2023-01-12,16:15:11,4924.945497377215,194.97730870124371,,359.487006052939,,0.02002635592582447,7.371802250072431,Normal,0.0,0.0
1.0,2023-05-01,20:19:05,2028.1890657283195,,864.6861920335402,1825.459237979374,858.8899613666274,0.1593040206189803,0.6310903307915017,Normal,0.0,0.0
,2023-08-25,01:40:20,2385.2870743560143,147.81106643945313,509.72424675169816,2475.8583246986905,563.614600012923,0.9423870191022331,8.733366617238477,Normal,,0.0
11.0,2023-05-23,21:59:36,2564.1710522326975,200.23059983640195,397.17877742921104,1619.1978562798286,1016.3350686044266,0.6743038064090484,5.324811925594261,Normal,0.0,0.0
3.0,2023-12-02,06:51:13,1323.6771322050088,180.5960357530323,173.52451498650868,2084.853266707385,649.9296444991212,0.9756102008599149,6.40972077345332,Leak,1.0,
1.0,2023-06-13,13:00:45,4593.046509170824,265.86648102825677,317.53144787673705,2858.3925828038828,1272.7609976402387,0.6663068858350397,1.217619111252748,Normal,0.0,0.0
4.0,2023-01-25,14:03:44,3198.1181435800677,293.164432230644,432.497878330132,935.4483992557787,857.9844216923174,0.4395116886329101,1.0566468426174391,Normal,0.0,0.0
11.0,,01:59:22,1608.0994125145926,112.26992542213364,780.7615860684398,1379.4012713079605,275.6129341571185,0.9948663171697671,0.5778056099636664,Normal,0.0,0.0
9.0,2023-03-24,08:34:20,1485.5397576897155,160.6550295135191,101.04581101064669,2076.484025082396,280.9793375690815,0.5094221281497897,9.966968538529768,Leak,1.0,31.06965528216448
20.0,2023-08-09,19:35:59,4392.063540997606,244.86349393533226,792.0936337605432,1214.3952872555994,1050.2985339835975,0.35423624044477453,,Normal,0.0,0.0
7.0,2023-08-17,21:04:54,2664.615992719046,196.26883032706473,19.192276823056687,779.4396262351027,1188.3767700587755,,5.353101314525917,Normal,0.0,0.0
18.0,2023-08-01,20:17:36,4838.306577284134,197.5708087852725,109.73619867750351,1643.8784669210788,790.6905349279491,0.844357082739616,0.9808258078424459,Normal,0.0,0.0
4.0,2023-02-03,19:47:59,3606.842591643873,262.1371855972533,614.081311184736,2578.6956949408373,,0.9562221906489483,1.3314500417809694,Normal,0.0,0.0
9.0,2023-05-09,01:59:47,2018.6824881842047,268.1743158851845,38.426348962324994,,799.9207040121544,0.6372014768082804,6.593539222057827,Pump Failure,1.0,115.68043423207786
15.0,2023-12-09,23:44:18,1422.7739196250964,297.65505420002626,443.27308744361824,143.4924611823164,249.42840270869138,0.7462072574818386,6.5903553420368075,Leak,1.0,8.636171493923463
17.0,2023-05-13,19:20:39,2413.0056340082565,159.30711625753105,349.70322974584957,2323.9605935435457,1059.7817943915388,,1.7410933533408435,Normal,0.0,0.0
8.0,,09:37:46,1328.6866699057093,,295.44477747742025,2307.669443514401,1012.0626395105429,0.3819396396528959,2.0568726219555513,Normal,0.0,0.0
,2023-03-19,08:40:24,3121.208532996633,108.39024468632725,968.4887775943838,2396.1425749637237,580.6686477112542,0.9799703293588506,6.018815896363221,Normal,0.0,0.0
16.0,2023-10-15,01:10:09,2353.0700239779935,285.61672806520994,224.61561184385192,1116.50107151254,761.6999478274548,0.4394049896944522,6.129395824945255,Blockage,1.0,23.404333557280317
12.0,2023-10-15,18:45:48,3583.2432506208243,157.18135784783203,,2584.109989090308,1300.4686402973614,0.9189265336395545,2.522410201733616,Normal,0.0,0.0
8.0,2023-10-29,07:45:06,1722.3783927012037,110.77164139960523,320.0598325209835,2259.5620077402086,550.1306877926327,0.5395562204955051,7.279471767307432,Normal,0.0,0.0
15.0,,17:30:14,3023.410771807316,268.14060560224,,1626.7116164755448,967.4519975964048,0.50836054691628,2.9754845131882055,Normal,0.0,0.0
7.0,2023-04-18,14:24:36,1640.286539818292,192.31149488395798,9.331619827093295,740.036593564869,1144.4002296469062,0.9918099513493635,0.9917809958721591,Normal,0.0,0.0
10.0,2023-12-20,10:24:09,3969.392202290037,263.02367689607354,614.9782403411324,2063.6523296397454,687.8378757754663,0.5386956673430391,5.241591707261622,Leak,,40.958415132416036
12.0,2023-07-28,13:13:56,4832.293920477521,173.5881502604169,326.9316163380791,446.66415099733405,597.2854801372794,0.8766507618282006,9.963343376272473,Normal,0.0,0.0
4.0,2023-01-20,09:23:53,3372.1773367471365,178.30513963556587,412.6218408486237,2086.8544394904206,204.1837426855623,,3.554930104413574,Normal,0.0,0.0
20.0,2023-09-30,22:06:03,3040.438849995301,244.68095312245725,104.13735792028744,676.3162663910815,1113.8264732722798,0.05280396046852809,4.865976622437531,Normal,,0.0
19.0,2023-06-08,18:48:45,1595.9989445969736,239.08312966561064,745.9252088136745,,472.79459331333226,0.8251306676661152,5.202965769186541,Normal,0.0,0.0
17.0,2023-07-02,00:17:51,1250.1689075894737,260.2733831639038,766.5885239716433,2200.8474901269374,589.2765636394527,0.17348007426595724,6.3755326447022975,Normal,0.0,0.0
15.0,2023-07-17,14:13:59,2535.331807732176,214.3744542454373,587.7693608621983,553.4287594009181,670.9060741479749,0.33451128874193214,0.26196708532064794,Normal,,0.0
13.0,2023-07-17,16:58:44,4130.327759405352,111.227220683242,852.7280198757112,676.6239897771978,689.9884141572836,0.46173281361238216,4.809060007530697,Normal,0.0,0.0
5.0,2023-12-22,05:25:03,1199.3681111317662,280.78266605207494,909.3901920083962,2340.639190290307,209.1379649577049,0.057280251077623356,2.2522370226848976,Normal,0.0,0.0
20.0,2023-06-01,03:20:29,2130.982758315048,108.9189816745923,36.28762261350216,827.1595592866568,558.2960402826291,0.787126602601604,9.748346527811119,Normal,0.0,0.0
10.0,2023-08-05,12:05:43,1625.527217613792,270.6179246807301,46.5005864400655,1859.098320598247,930.5907017068488,0.34592044750169426,3.15189521097359,Normal,0.0,0.0
6.0,2023-05-07,14:17:31,3655.158744702356,292.6788868427101,560.168183461842,2810.4673860992757,267.9352430718309,0.4187933190741614,2.6015779096205116,Normal,0.0,0.0
18.0,2023-03-10,02:22:25,1764.762805859156,167.6526210664697,308.69874337319527,2841.107963216169,1457.5630311247578,0.18301544423472715,0.22035160297504186,Normal,0.0,0.0
10.0,2023-11-23,21:54:32,3093.5636454974656,122.95377437384349,860.139693349435,2168.442909625451,287.96887047000206,0.7078350972297687,5.4353821734264605,Normal,0.0,0.0
6.0,2023-04-08,00:09:20,1563.838510087077,232.83758290108347,216.0904531853075,292.6875307178992,1320.582980925554,0.46016226448843967,7.492837126957764,Normal,0.0,0.0
15.0,2023-10-21,09:34:50,4145.112797536132,140.27275642719488,258.62083488803876,494.11906029688765,629.2795843329468,0.756751505688635,5.193858595039373,Normal,0.0,0.0
15.0,2023-08-02,19:27:13,1955.184845526157,190.24786883619763,984.9896561408751,2316.037428929971,235.31764759322778,0.06520459126049205,4.639313768123328,Blockage,1.0,42.47691506897371
20.0,2023-08-15,05:38:51,2806.7872769267306,179.4762780970633,93.4079719752956,1323.2164747523511,454.29205495786954,,0.9403610443426635,Normal,0.0,0.0
9.0,2023-06-13,04:20:07,4191.656638463576,179.19409453249096,915.0900684070432,1599.0866017384199,405.3412696859524,0.6958991181688025,7.9326135043825445,Normal,0.0,0.0
3.0,2023-12-31,02:26:49,,201.4102207730882,,100.15080535914367,672.8010621829824,0.7326352347008328,8.203775074489734,Normal,0.0,0.0
6.0,2023-09-03,18:31:08,4214.414141766141,201.04135471532766,967.1266152591704,1253.282937825299,1479.3434147474472,0.6679199988036271,6.346712732539414,Normal,0.0,0.0
6.0,2023-08-11,22:26:04,3239.0227345535304,205.47992442453528,719.3536223691585,2670.7741590534065,303.22856003593836,0.7314964903403623,1.8741194409758222,Pump Failure,1.0,141.94514599607848
18.0,2023-05-14,18:59:43,4952.2622666110965,,651.6679187064259,942.182384978196,,,8.798219139516952,Normal,0.0,0.0
16.0,2023-10-04,23:25:32,1959.496451023779,128.39439795219877,347.9414115821666,1351.052936716238,1173.4742380522985,0.6511475848816741,6.2092856747843115,Normal,0.0,0.0
5.0,2023-04-18,10:29:14,2015.899498288099,106.22311998347153,739.2947351647732,319.0311787673238,609.3954651968579,0.0038171341243471435,6.816694824016201,Normal,0.0,0.0
20.0,2023-05-04,00:07:54,2117.104353817642,,694.150573509831,1537.9642594351587,596.9038797057507,0.21264437637109612,0.3318935456242622,Normal,,0.0
14.0,2023-05-22,03:11:16,4064.2591061412104,257.6894686506597,664.9849034759952,780.860572698009,1379.3535399175787,0.670732311905834,5.6044063098044,Normal,0.0,0.0
14.0,2023-02-07,13:35:52,3186.592880751154,176.08010979408192,976.8003285106594,332.16177997894704,749.312956805528,0.04202467517140529,7.3990412076693035,Blockage,1.0,25.922389091231324
16.0,2023-03-24,13:50:02,4015.8476143871358,,18.006555600454497,2888.4310712220777,1144.6722896914202,0.3047510953861333,8.29394664858847,Normal,0.0,0.0
15.0,,05:52:35,,148.3787656517678,12.40403627731479,1406.3038963935176,591.6448389880005,0.5983574842977588,2.972378077086172,Normal,0.0,0.0
9.0,2023-07-15,03:27:07,4509.0470513047185,166.08160077515475,340.4058433495647,2967.0850750505215,1014.0290230710797,0.5313165205680591,8.381521835519244,Normal,0.0,0.0
12.0,2023-02-04,10:45:49,3293.397382540872,231.7650140280141,252.30724983940655,660.6759041319453,834.8870176778203,0.7375657490928268,5.252397575201602,Normal,0.0,0.0
3.0,2023-08-04,00:07:44,3777.801824522835,116.44141274235633,910.6765794351396,1393.2997086766284,378.78090726211997,0.3408156997898466,1.6482467534676204,Normal,,
19.0,2023-02-07,19:56:28,3558.422244710727,235.28527246767845,131.6934384720385,702.553340446457,1222.775435700768,0.970766206474783,,Normal,0.0,0.0
9.0,2023-09-14,07:22:37,1283.7288645350936,150.8783161683694,361.8530932051387,1417.4800650195407,259.3433691530989,0.14002409755331768,2.7681430779130576,Blockage,1.0,29.20620845459525
17.0,2023-12-21,07:13:34,2789.872565289831,194.8576840862521,590.8674412710416,1611.0224650540752,1310.3767969456555,0.049496853493666615,8.333170714730125,Leak,1.0,16.535952947362276
,2023-12-07,20:48:41,,286.35074388656324,397.01504123719167,261.27830038731446,1002.1864709531417,0.11383839347660141,3.452231428016921,Normal,0.0,0.0
,2023-02-08,12:10:45,4971.267355996281,126.29782397959633,274.7315255195195,1183.7282267929393,748.3766321004807,0.41102107526554577,9.07611002556555,Normal,0.0,
12.0,2023-08-28,00:44:25,4820.242045939956,264.2396565100453,1.5651051914729042,1909.204110550221,266.4759958747309,0.25760722033372185,0.5952470034777169,Normal,0.0,0.0
18.0,2023-05-26,01:03:29,4201.419516093627,232.5329026118711,92.28479207325724,1788.964556581105,914.4587537387866,0.9003212680742715,4.042397296442092,Normal,0.0,0.0
9.0,2023-09-15,08:09:01,4552.156257440471,219.73848046381949,502.1536099619869,416.613979189551,350.45888868231697,0.1543215652830794,1.7184848132709452,Normal,0.0,0.0
2.0,2023-04-03,,4965.052906934533,264.0025258238712,694.8823736759592,1597.47809831144,783.5089931771207,0.08439238054454234,3.9936874839469096,Blockage,1.0,59.71344831401939
6.0,2023-10-11,,2719.7243095605927,234.59332447888647,275.3811742554185,918.940496334638,1225.6807078970314,0.4464195164015822,7.983803405183525,Leak,1.0,
,2023-02-10,22:39:10,3328.7949863764557,174.2344846875255,601.074166800233,2116.757587931474,1094.926524039778,0.37455288702012135,1.6686020169875282,Normal,0.0,0.0
4.0,2023-02-25,00:00:46,1617.8389888932952,105.08955198115018,645.8223862864843,1910.7069523642297,642.7854165556791,0.071711888847651,4.096288948952321,Normal,0.0,0.0
6.0,2023-03-05,04:07:33,4366.893446978705,216.04430375700588,559.6884448379399,315.7775555910371,417.56765308021636,0.9720252564965911,2.2848674675477074,Blockage,1.0,42.042413217552856
13.0,2023-09-17,13:53:42,2551.947039787478,132.00498729263882,23.35209632818591,2268.6408418505307,796.0799115464579,0.2892447719726545,9.000831830164808,Normal,0.0,0.0
10.0,2023-05-04,04:34:22,2776.5108526630065,298.9715946118643,545.3811212183025,264.6051113696121,988.940544050009,0.15158429286987996,0.30937644731341973,Blockage,1.0,57.50648905821209
5.0,2023-06-14,,3166.819249640016,252.380362520974,833.6499619375855,,593.0332241569419,0.25933489731709447,1.9462383670487193,Normal,0.0,0.0
14.0,2023-01-21,11:10:38,3179.310630180747,133.04841008852065,582.9844261646025,2999.141412467742,395.6779391624376,0.8167569301195281,2.0730900318755796,Normal,0.0,0.0
3.0,2023-09-09,17:39:21,,,201.31210782243326,1185.413229792956,251.2973927581691,0.47554603748682667,5.4302458395766315,Normal,0.0,0.0
2.0,2023-09-24,,4479.87663859074,126.13046876469258,790.5097942748849,374.4624419005449,1232.473861314227,0.27576756825135695,8.770905810181889,Blockage,1.0,17.5229420419274
19.0,2023-06-03,15:43:43,4018.484886394367,198.3862200211458,302.4474782893799,1474.2545325856704,879.1773890271038,0.5627116990223392,4.412237136553266,Normal,0.0,0.0
19.0,2023-08-30,16:50:52,4922.957374333718,181.5168417147634,827.5189221063031,2293.5833839641527,945.5876368922452,0.9560471436119331,2.004745155284028,Normal,0.0,0.0
20.0,2023-12-03,16:48:32,4572.36082078166,112.4915187238143,883.4647629860607,1344.9571661082666,863.5622357055018,0.6265925110932102,9.263826067300867,Normal,0.0,0.0
11.0,2023-11-19,21:09:41,3530.1764398633113,228.89405542420673,819.7978049847276,1000.2219664773315,1152.9665468179915,0.5285781097221971,7.933940143053477,Blockage,1.0,20.84166511384072
17.0,2023-11-23,06:02:00,,226.58126613568683,69.02954088784963,16.99744358870181,1418.2183369964332,0.8219266359399297,8.091831711390311,Pump Failure,,124.80493527918303
8.0,2023-01-23,,2121.337843166084,237.48127282724752,24.49844826765235,918.4120226387796,913.8694371603244,0.6320898295062423,5.770406644619108,Normal,,0.0
13.0,2023-03-02,,2198.2627118154955,115.37241505523271,500.6242680704178,2383.546633472246,1119.2124204467077,0.05022601146397376,0.7290183536790351,Normal,0.0,0.0
,2023-10-17,06:02:07,2170.0603642829674,130.4659178929071,266.16801251553744,66.080763671451,,0.8422307463439479,5.489804494416418,Normal,0.0,0.0
13.0,2023-01-21,18:52:18,3591.2697839621137,124.58413569307751,888.6590802653986,1509.251852339509,784.1546646515346,0.5858647884535192,6.2478386278940246,Normal,0.0,
18.0,2023-01-14,17:27:45,4290.1391775367865,260.791701510504,552.5009674078891,1560.5096769322536,385.7387497412352,0.7753461504031356,2.7140938044671437,Normal,0.0,0.0
,2023-10-17,17:55:33,3886.886210868717,154.30940948224847,402.4466374336689,308.2447573572701,445.75138214579124,0.7830166373167329,7.150387188506838,Normal,0.0,0.0
17.0,2023-12-09,23:49:07,1015.2796906343324,149.36477384038045,740.9040561520715,948.8104491879203,332.4601044858176,0.3602339188004279,2.7039328638452553,Leak,1.0,
4.0,2023-12-04,14:50:12,2689.5380887372235,175.46273228126472,936.3211539691569,2025.4201834490043,350.8294857526201,0.042291749222681196,5.646290509972632,Blockage,1.0,62.03191695397238
10.0,2023-06-24,,4502.044906210464,136.5614473313801,278.43940825043455,388.80195358632585,1078.9407008387343,0.9439823053632096,2.6896803159538596,Normal,0.0,0.0
19.0,2023-05-20,04:41:16,2440.2018636039134,,,1298.187408059114,795.0094867070821,0.20888272400516372,3.6870717086479523,Normal,0.0,0.0
,2023-01-13,17:36:12,2663.1900027498004,243.9307633221061,371.16161478574185,2609.2895300451323,1149.6452692464272,0.6477131710629215,7.962405955628543,Normal,0.0,0.0
13.0,2023-06-11,08:23:07,3606.5590419091063,247.71949162646615,315.62734376335,1934.4978120669414,713.6701798949542,0.7132068832826177,1.992152748940531,Pump Failure,1.0,65.38698189104349
3.0,2023-01-13,16:53:53,3063.4476108493127,153.5185353455943,835.4802257421944,44.08016596486153,692.822263273517,0.3373455467690927,0.19327630917601035,Normal,0.0,
10.0,2023-06-12,02:46:37,3123.7507136483755,219.0263349811363,9.92382112783563,1392.2854783605117,1452.5490131538647,0.5190322801295487,6.775422674589532,Normal,0.0,0.0
16.0,2023-06-24,16:39:27,,125.11004295253068,16.94766488958099,2310.4746352712878,1249.3021985743474,0.12020722912057624,2.6558283295860607,Normal,0.0,0.0
1.0,2023-02-24,06:51:56,2486.9571796253213,100.27072514309363,299.8005275652359,1939.3762249137915,1466.4527769612641,0.8470608269838995,0.23594964645529126,Pump Failure,1.0,136.78057151500212
8.0,2023-02-14,21:58:03,4597.8208501844065,242.02708635961315,937.3784381643208,1809.875417144829,815.4211459433864,0.059716488970889325,6.716422815460298,Normal,0.0,0.0
8.0,2023-04-29,04:55:31,3603.8293404722904,228.91823494846872,561.2935429484028,2330.7840309816766,466.4755723848613,0.7256272002744159,6.197345714330892,Pump Failure,1.0,145.99599922083576
13.0,2023-12-05,10:12:52,3109.0607236610263,281.2841927828874,163.8810237804822,1928.456744400523,1252.818243568762,0.9473952495864468,3.373401410170235,Normal,0.0,0.0
15.0,2023-06-08,08:45:49,3760.3862329513736,286.1213609693074,497.31244616897243,690.752762131544,257.93297048328293,0.4156421866859057,3.019167000775018,Normal,0.0,0.0
14.0,2023-10-21,21:17:13,3186.3085681291795,186.56320044189385,43.89994264300512,497.2493394604678,779.2041303644581,0.20918546540792782,0.49979028659678737,Leak,1.0,47.17247128322109
13.0,2023-02-19,10:30:27,3636.455057878106,121.77866279620781,636.5386467533543,1494.708001497819,728.676290998158,0.9530200211788992,5.225397167320533,Normal,0.0,0.0
5.0,2023-03-30,17:18:22,1292.32624810806,224.4686529234492,981.1778367622945,570.3229493511828,1230.3736511748982,0.9078987937796194,9.437015928202207,Blockage,1.0,41.373416878174204
2.0,2023-09-04,07:12:41,2907.60042587188,243.6662350744008,247.34031581908334,1921.845550646662,1066.580622760605,0.1626997438085659,5.650853124527563,Normal,0.0,
12.0,2023-05-17,04:09:35,2428.1173758800487,285.23881368635637,228.67677960360876,1903.0910666150614,488.69863190131673,0.3216699896595486,8.48042089601484,Normal,0.0,0.0
5.0,2023-06-04,02:43:12,1001.7711257488315,280.276619328387,153.80702464160777,2970.2591282024464,1441.3010909500085,0.4946751895912833,5.127202478126281,Normal,0.0,0.0
3.0,2023-04-27,02:34:48,2777.4613969660577,155.1095878438967,622.0395623709937,2977.3268681243367,702.2201249994057,0.5738412541045134,4.156038959073355,Leak,1.0,43.69840175233848
13.0,2023-04-26,22:09:58,,107.78599266513349,36.01881829142639,525.665316317482,1326.8014608578003,0.28247874397702666,9.504591705752958,Normal,0.0,0.0
11.0,2023-11-08,18:20:34,2305.353723727949,267.93193114175807,143.8143503148137,1290.3086295894002,1374.8848433076848,0.8458495504599677,4.009417624730467,Normal,0.0,0.0
10.0,2023-03-25,14:49:51,1817.8435442188472,,295.69467404160423,,242.65251136719098,,3.64354238428232,Normal,0.0,0.0
3.0,2023-07-14,14:23:26,4343.303711642064,166.43820662312092,693.6180574737953,2313.3684475556597,1051.0458929257409,0.15159507480009937,8.75883083517057,Normal,0.0,
20.0,2023-10-06,12:04:30,1511.4672048896703,253.10935010317218,0.011634755366141114,1249.6974854468765,879.263235411265,0.054634420000972295,9.730781629723328,Normal,0.0,0.0
6.0,2023-03-26,19:02:50,1207.6037743492361,138.22374189920052,310.0845383427551,2195.1742096926387,1032.8262706433625,0.41594390458185504,7.590689392583757,Normal,0.0,0.0
5.0,2023-01-25,,1726.4558710264105,174.18820163155306,901.94019674915,2420.080559084218,1480.3159235912185,0.7542482596820808,3.9319520102792227,Normal,0.0,0.0
17.0,2023-09-29,22:30:41,3837.2833138904384,133.46426080021206,780.6317174255571,1751.3183415423348,1437.888321406873,0.042422298206891695,2.6532613755546697,Normal,0.0,0.0
20.0,2023-04-21,,4122.927412803604,241.69793949855946,172.08922929525937,2917.25999712031,783.4577394705877,0.1590250037402613,1.8019575412814792,Normal,0.0,0.0
6.0,2023-01-01,14:22:57,3915.924246623266,272.33818075746905,274.071589342191,2421.212711600109,453.81278384343966,0.34534195224488784,3.356104542698427,Blockage,1.0,62.81838231986732
17.0,2023-03-17,15:46:44,4788.362668434076,199.25175057647232,380.51770986989453,489.106010794773,1222.0673479393754,0.7344439320755914,3.8435503852413486,Normal,0.0,0.0
20.0,2023-03-19,00:13:33,2750.6453125928138,146.99468099919056,704.8710100433817,2451.3844260467554,910.3594109012015,0.9670352752561462,0.516687216579611,Normal,0.0,0.0
16.0,2023-01-13,15:34:18,2586.214727959853,126.34300571581872,865.2957589089124,471.81962453914605,602.724216971829,0.2900455319624369,8.714140341908543,Normal,0.0,0.0
5.0,2023-11-24,06:13:55,4741.18839418131,270.1360521209692,981.9056980765391,,521.7630950825355,0.16281504967686378,1.8691444060846163,Normal,0.0,0.0
11.0,2023-10-10,11:16:05,2336.199862675077,246.53981011805607,404.5273855738697,205.05960092987584,1218.8877952293394,0.285758324592706,4.3276687959926265,Normal,0.0,0.0
5.0,2023-02-16,06:03:32,3566.9375891942327,234.2958297334414,632.2821536376398,596.9764168783104,743.8340233329642,0.7509397983633183,1.0137289755315915,Normal,0.0,0.0
18.0,2023-11-15,09:40:56,1045.9226389975113,190.0233052949622,977.1042330515734,309.3640872242274,912.1201026983152,0.9789575070411041,5.554954241058602,Normal,0.0,0.0
20.0,2023-08-07,16:11:06,2057.105052634557,141.06658774135997,483.03969755889,805.601268202822,573.7001643664252,0.6567560634745571,9.685373316998922,Normal,0.0,0.0
7.0,2023-08-07,14:37:19,,118.41339721649508,599.0445871503815,1870.9463348707984,1043.0562661542945,0.2674020278575413,0.15110684214475034,Blockage,1.0,24.05715492423056
10.0,,00:31:47,3334.227869299274,205.15124391182698,249.52436683824862,6.05555324470175,426.30617790485803,0.11706604142416865,4.4908474501094675,Normal,0.0,0.0
19.0,2023-02-17,20:58:55,3350.3434844376075,240.22791888349474,680.1118854469727,1224.4550726000944,220.013359198701,0.5829260568042631,2.5310153917960876,Normal,0.0,0.0
1.0,2023-05-18,03:08:44,3468.9960833949026,247.88164596626237,214.6678639725368,1994.9835487133212,847.4525109739296,0.7428249749063163,3.2704464415181778,Pump Failure,1.0,36.13938930403445
15.0,2023-09-28,03:28:58,3893.791271400004,101.8108323160742,589.4539894846972,,1028.9947209647162,0.2420220799808772,7.140527233781268,Normal,0.0,0.0
17.0,2023-09-02,22:46:31,4646.085173301266,105.9008110290412,355.97103248839437,,300.2887191014564,0.9111682851800791,3.5486083074614783,Normal,0.0,0.0
1.0,2023-11-27,15:17:29,4805.962840707149,267.69836676860496,805.0903184956627,,1412.5236605725897,0.5442539661136977,2.002820178676259,Normal,0.0,0.0
1.0,2023-04-01,13:07:50,4082.9701236222068,185.49913007135183,206.21740508413987,2399.156291894584,633.6888257377561,0.8651933473978111,,Pump Failure,1.0,29.041139732180014
2.0,2023-02-27,10:58:59,4334.5725365758335,199.88635397336708,535.0255045989328,433.1628964010017,1219.183566296162,0.41938961166697164,5.000801182715826,Normal,0.0,0.0
13.0,,21:06:42,2964.3829175326605,285.4221257716855,105.39321810780523,2293.322184226513,732.5723693887904,0.655173714524338,2.6023659798522933,Normal,0.0,0.0
16.0,2023-05-13,16:09:27,3656.877539955873,276.33812236870165,814.1256855911619,2055.402929623452,343.56142243443344,0.28918744629594983,3.0980687532246898,Normal,0.0,0.0
10.0,2023-01-23,20:57:51,4490.543210187341,265.62336580126856,216.0601162447664,2427.973194855787,1222.265052979926,0.632216597753949,3.735201768996875,Normal,0.0,0.0
16.0,2023-04-07,16:20:08,1310.5631039551251,265.77425525059175,348.8900750418236,1564.7981880340747,1232.831323743038,0.8843765470229713,3.4478142007264703,Normal,0.0,0.0
9.0,2023-10-12,14:36:22,1717.013022957123,238.78991810203135,229.59816075396867,352.65390045065993,414.86983718584463,0.001992135219070268,,Normal,0.0,0.0
,2023-04-04,21:53:32,2380.91981467989,182.84018511436608,732.4138648126685,2644.9874469981382,357.94400841409504,0.6346392564873805,5.821438075777985,Normal,0.0,0.0
10.0,2023-01-28,10:13:38,1230.9286369004687,178.20657382547972,234.20337092633414,658.6617696894058,1447.821643527492,0.6163004859257241,5.5687844317209585,Normal,0.0,0.0
1.0,2023-01-19,02:09:39,3808.5843847273177,134.33878154108993,,1235.874285102306,1331.6850561501994,,5.325040664159818,Normal,0.0,0.0
17.0,2023-09-02,,3049.13902897394,122.8571539995959,764.8009724592772,2036.6931752335215,1204.8827376972627,0.9514420287256811,7.764893026510181,Normal,0.0,0.0
11.0,2023-01-25,02:14:28,,237.7263258615751,253.27238352271507,29.93632997534812,1140.4767610613856,0.5356565993475786,,Leak,,41.10635138266686
,2023-12-30,18:53:40,3126.3095870999728,202.11235908186762,820.5987576765866,1213.7059692120522,829.6477541789612,0.013367683259395635,4.097392364429391,Normal,0.0,0.0
18.0,2023-02-17,01:31:07,4509.401812531354,177.88098779577507,541.7609642675633,2904.1974361522766,286.5341462884897,0.6483180074520956,0.7410542257486707,Normal,0.0,
13.0,2023-12-01,19:28:58,1171.350220476453,189.27737805263894,70.00351213306577,2187.704228740929,990.931616644023,0.7066342634675964,3.74480399968017,Normal,0.0,0.0
11.0,2023-05-02,10:31:26,2516.906148721796,266.273541244394,842.3255047499341,1119.7234691377014,1021.5852845150457,0.09537160227305863,1.036785807342765,Normal,0.0,0.0
4.0,2023-05-16,08:57:57,4127.839908631837,250.3493984791681,803.0020719578371,1554.0241992138745,382.4218736515695,0.6711574733796887,6.204737850519706,Normal,0.0,
7.0,2023-04-02,08:27:05,3999.9111938082833,281.6456977400646,758.7153211639207,1791.4659179709056,1050.3725581362357,0.88912792394001,5.7880675451194055,Normal,0.0,
10.0,2023-11-28,09:12:10,2083.7707932654616,140.45083610490698,313.8268082244156,724.5018839785004,479.3864281473146,0.42485084286808694,9.07838513883534,Normal,,0.0
15.0,2023-12-02,16:25:01,1534.602325642072,188.77183768426022,450.77628388636384,2875.4935070032207,760.4129214102762,0.5493426449027576,5.332513992791025,Normal,0.0,0.0
3.0,2023-08-10,00:29:44,4303.6708292641215,192.6229427675023,278.457546373573,1964.1272260688972,1270.89761453886,0.06314029292739132,7.767904834072271,Leak,1.0,24.307008813898697
6.0,2023-12-06,04:19:11,,143.44617729060218,463.990131464425,792.0130498783976,739.8132640342526,0.8884641099229207,8.243268918792692,Normal,0.0,0.0
14.0,2023-06-27,15:05:24,4591.676747830663,277.6236377868072,325.29061836174776,2702.882687071404,1495.0049755484124,,8.448713477552289,Normal,0.0,0.0
6.0,2023-06-25,19:11:42,4734.284333830592,260.2695983747617,674.2588420064991,17.155744082367864,805.5734791900621,0.571162298622361,3.0403027244799965,Normal,0.0,
3.0,2023-07-06,20:50:53,3264.7227649002834,162.55559784207082,654.3420054927197,,,0.7643533864364274,6.237430848640091,Normal,0.0,0.0
15.0,2023-09-13,10:57:34,,182.96302387778945,402.33495523733274,1171.7808227453465,290.1268295040942,0.6383222397918266,7.330036196283533,Normal,0.0,0.0
11.0,2023-06-02,19:47:18,4473.643151765528,175.8255316751294,371.4859436594342,1855.5811761545567,1022.9944495493669,0.46928522732579037,4.430593623304211,Normal,,0.0
17.0,2023-06-19,19:37:24,3016.015054385304,289.84013863617827,832.8319018690758,1087.2939678474872,1322.733847685601,0.11006328420111522,9.250471753430144,Normal,0.0,0.0
9.0,2023-02-28,08:53:09,3218.750839120345,249.5588699518745,810.2585866995313,1241.4823959623875,465.4165269187159,0.042342278772383835,5.797261570972248,Normal,0.0,0.0
14.0,2023-05-22,17:19:49,4116.410345583147,221.9394850305232,699.6395696221217,2514.464924965928,1243.6542152718507,0.9609201469288247,5.359350788521182,Normal,0.0,0.0
13.0,2023-11-18,04:48:37,3570.3104412945363,,740.56472325951,284.72532380203864,972.3076147406261,0.7026402058582288,0.6652760821085524,Normal,,0.0
17.0,2023-05-08,19:51:54,4531.659266074888,231.80908202644648,211.23183147293102,2588.9904940766164,1351.9214659071706,0.1966535849529587,7.374260857706773,Normal,0.0,0.0
9.0,2023-06-28,19:36:41,3764.8472375461615,220.60791101065666,618.9915646985881,2822.3198990685028,1208.6849926494979,0.12793692451178318,3.4750708242518105,Normal,0.0,0.0
12.0,2023-09-30,09:29:28,1340.4139444791415,177.11951850266666,,632.3793046500858,498.17551014897407,0.4691072110475787,2.685621674536426,Normal,0.0,0.0
20.0,2023-09-28,04:19:02,4941.215329149141,133.20436472857216,114.43151861235856,26.118441187630737,402.242867930093,0.20727297906766762,6.3058094158309235,Normal,0.0,0.0
10.0,2023-02-08,16:35:12,1250.2593688778063,142.1013879330686,809.0236402916764,440.7657707513123,645.438690479278,0.8646589218581401,1.5492531114344266,Normal,0.0,0.0
2.0,2023-01-31,22:10:27,3468.875223511603,131.19617273978662,478.4961162559619,2341.6680806616414,594.7111195869923,0.31168982851504146,0.03140906048122116,Normal,0.0,0.0
17.0,2023-03-06,22:30:30,2582.83185429517,243.03729095604825,281.9190429047291,1091.4289234228006,447.94378386816305,0.347062368499395,5.472375204206431,Blockage,1.0,50.50890963659428
10.0,,14:54:38,3250.2208050921895,253.03206576335327,940.419207300747,47.469515990462455,879.5881840304307,0.47086735622317677,6.56055021975704,Normal,0.0,0.0
6.0,2023-07-30,06:56:34,4198.871654474879,124.64651514326496,698.5306252091372,1248.43610292182,868.0059549495772,0.9032980143757106,8.898837264734865,Leak,1.0,26.446528740078225
,2023-07-07,13:30:53,1919.3069031904738,210.53245355534966,372.17325524689716,1985.001778887567,383.5906063850943,0.5708774168394762,1.852703553833237,Normal,0.0,0.0
3.0,2023-08-25,21:33:15,2142.8302706435616,285.4247563728899,969.9265253451908,1713.781409811292,385.9014594654443,,7.9773226334821405,Normal,0.0,0.0
12.0,2023-06-26,04:51:24,1100.949383393057,150.5292061242573,520.0740611111504,1565.8590104356917,965.6129974292334,0.7516761720229193,6.234778305192964,Normal,0.0,0.0
17.0,2023-10-03,19:12:16,1608.1942696979672,191.66471891751507,351.2193873487809,281.32957877104946,831.9696307794013,0.9207396503426354,0.4005911905069448,Normal,0.0,0.0
8.0,2023-11-11,14:58:12,2872.276216937161,193.25988258796377,760.5756424552823,463.4766120147774,833.444960330066,0.4299852141210597,5.969106905466561,Blockage,1.0,57.24472922125101
14.0,2023-04-04,17:12:42,1121.8547452358405,140.88967449285462,340.41155611425967,1531.7422723786797,999.6678827035598,0.9106057172144217,5.0985400955045765,Normal,0.0,0.0
20.0,2023-11-09,19:08:53,4985.593174716221,259.20148048545667,753.7340704280045,646.5022766026532,636.8091766871414,0.4656825417622795,7.733810477822497,Blockage,1.0,20.104902401471016
12.0,2023-11-17,10:39:41,2568.374307618291,250.15392984221114,125.4862967991507,,508.01332237864324,0.6773931298888728,5.657815548409964,Blockage,1.0,32.7886411504201
18.0,2023-04-12,04:44:50,3098.9425506457287,255.04881036698984,234.4256000115147,1035.2512365397013,239.13503387471462,0.9614923245741122,,Blockage,1.0,24.99177007546063
,2023-01-06,18:55:37,2182.618166449941,223.92318538898445,599.6275684599213,1518.9909280628035,655.5372250132566,0.9129310047746899,3.397702422988438,Normal,0.0,0.0
17.0,2023-04-15,03:54:59,4960.435384347464,162.37588715274504,339.9718637932482,236.81820883966665,775.6375775068586,0.2610485262348481,3.433867021776442,Leak,1.0,45.16131859520981
8.0,2023-07-27,17:03:37,1247.2338427568905,118.4721056222757,162.79098920622937,,395.6139523077967,0.9680763814507335,4.467145272585204,Normal,0.0,0.0
10.0,2023-03-14,19:39:09,1708.7700040447644,158.85334732742285,114.7969272512801,2824.598730853323,1219.468026674847,0.4623911769125407,8.649626051152019,Normal,0.0,0.0
15.0,2023-06-11,22:30:49,4582.251392527354,281.8350528107171,313.8780765150273,2073.1674382177853,553.1231356566805,0.19060983307444979,1.8463245734736922,Normal,0.0,0.0
20.0,2023-04-26,21:20:32,1467.6941421015658,,949.899668246076,411.2683742362695,1154.0480700433036,0.632238150867861,5.836050370080997,Normal,0.0,0.0
6.0,2023-04-23,10:47:43,3932.000428890493,231.7322709879534,931.554914309481,2462.9430518974227,936.5868365771018,0.6570304982341073,8.983864665840349,Normal,0.0,0.0
20.0,2023-07-19,22:10:04,1394.9488275306635,115.13222078082217,361.5413987540386,276.5038754172969,960.601974868064,0.22627525081659983,8.956979631993724,Normal,0.0,0.0
8.0,2023-07-07,18:29:10,3129.167503805818,120.65300177500968,,1703.9228919482416,585.2648975672748,0.9383157286513161,8.187402294840508,Blockage,1.0,24.618933692826495
15.0,,22:30:51,1109.0000478032605,204.71729704429058,218.25987269372948,2968.2952973388947,946.7677826338675,0.13788526935601042,6.887625408113653,Pump Failure,1.0,131.30584733322445
6.0,2023-04-09,12:15:07,1633.2156004224576,110.35717774656337,557.3105753143085,468.10743401993074,1284.9682383738536,0.35833465667167375,9.128924447365755,Normal,0.0,0.0
14.0,2023-08-27,07:14:53,4047.5344474497756,256.3011295484364,275.75740444128127,612.7402767365024,221.78319584009714,0.6791991512011694,0.7656825843353898,Normal,,
2.0,,14:04:25,2630.992420010929,132.2437623950245,656.4096035006569,2913.4527221048575,,0.7147532764439458,0.6845045256601678,Normal,0.0,0.0
15.0,,10:46:43,3773.3406149388265,229.64717947641938,231.48009591298825,2044.0590397240464,1422.2381486277075,0.04678584497176852,3.1965205529206253,Normal,0.0,0.0
7.0,2023-12-29,17:00:34,2419.5907339462165,,675.8229251040736,1974.4794728927204,291.140581533634,0.3952593154311578,1.8177886721736192,Normal,0.0,0.0
16.0,2023-07-09,03:44:25,1672.8146230660727,,557.0405132750351,694.141909130544,853.1554733162893,,9.581180089194337,Normal,0.0,0.0
8.0,2023-03-12,23:43:50,2518.4670578066807,163.3173519817302,285.6995940447645,274.1223145812276,609.2735781571434,0.04305240271566857,7.809638636444353,Normal,0.0,0.0
2.0,2023-06-20,12:22:04,,288.634964592257,237.1444659777112,322.8425542795765,1198.5666318951469,0.5004773158667182,4.337705660180175,Normal,,0.0
,2023-08-17,09:19:05,2300.844785104845,107.85388284833046,271.99860534435606,19.137130219772036,1471.8612231739137,0.9657472098197475,3.9515529747230502,Normal,0.0,0.0
5.0,2023-08-02,23:05:34,4787.024978768963,180.04245516993439,783.2979829560477,797.7853518963564,1487.4319949317428,0.025769598764351143,6.035288065011209,Normal,0.0,0.0
1.0,2023-01-18,16:58:40,1792.3820668811582,113.13842329793184,887.1193172236984,1259.546093058953,845.9641740500635,0.9169420482009158,7.762904775159479,Normal,0.0,0.0
16.0,2023-01-25,09:13:41,1336.5106490375315,178.6207815118802,100.24556372287662,,1060.2342874371436,0.6024494419665878,1.630191138148862,Normal,0.0,0.0
11.0,2023-03-26,20:21:44,2218.409423096762,152.90316079776764,279.8926522464269,833.1572620525315,246.7092368417649,,2.136981415703284,Normal,,0.0
19.0,2023-01-18,02:52:58,3333.0095692502273,102.2605073178045,787.3719581492729,919.2984681101148,252.33540391200174,0.5883522209831533,3.976844144330547,Blockage,1.0,42.82871440023694
15.0,2023-03-13,06:46:54,,110.11462076484577,426.1212379522308,2497.090618982985,,0.22431855885352625,2.260790710105627,Leak,1.0,44.937530487450324
16.0,2023-10-19,21:28:46,4482.753821829758,116.70498293600374,211.1259425580374,2257.405012759483,266.6820036755803,0.49253538071428926,,Normal,0.0,0.0
4.0,2023-10-02,12:41:20,4221.729317199945,252.03218595803182,,447.7484092244217,548.6266780683873,0.3610747263410372,4.084555814084826,Normal,0.0,0.0
5.0,2023-12-22,12:18:22,4211.4048359821845,149.30398112759661,976.0326986002038,1034.4528232385094,638.5042403965958,0.3119119055367052,1.2211151592428793,Normal,0.0,
,2023-03-11,19:46:14,4304.258738193143,234.6184261822434,824.3504472493495,1190.9764866224225,403.2120619215191,0.7379509473975921,,Normal,0.0,0.0
12.0,2023-10-17,12:41:08,1624.8060317223972,297.6841987926962,977.2799325664473,2381.4543117241187,,0.5778070502510847,8.661015453778347,Normal,0.0,0.0
2.0,2023-07-06,19:09:01,3475.08830816402,233.07304168378087,500.7109258366713,1934.5836684449398,230.5922427383284,0.4296228638968441,,Normal,0.0,0.0
4.0,2023-11-23,14:49:11,1160.555436341466,277.98267527257246,991.9627472386433,882.2023865303335,473.41412317153174,0.7653633638580407,2.530263409202532,Pump Failure,1.0,38.809333270676646
11.0,2023-10-23,17:42:10,4387.548897715811,164.8658754703036,676.4837495206044,1782.7254819257917,984.095156159831,0.6825324595377216,5.753591731290985,Normal,0.0,0.0
6.0,2023-10-11,09:59:41,,225.0660339908908,747.078267129029,656.1416667196175,277.92629111970075,0.13097374299417408,6.059969672710254,Leak,1.0,5.979860134358672
9.0,2023-12-02,01:31:25,3376.56745102583,,126.3864224056671,83.53172273224018,1009.5519669806832,0.8067575637891261,8.420156615067441,Normal,0.0,0.0
2.0,2023-11-17,18:59:35,1698.5887435853183,159.18640588732322,663.8244748527251,2895.9081708911995,265.54180568287194,0.8903843208552661,5.768812013112084,Normal,0.0,0.0
10.0,2023-04-20,13:36:17,1509.9427205609848,260.04126953671584,863.0090460672269,452.0624610025014,1307.0726150954847,0.991453567842792,7.268388310482376,Normal,0.0,0.0
4.0,2023-08-05,00:44:35,3457.943110046525,216.2390847441913,253.63555551403826,2269.00280874866,306.1674586181251,0.9242870707946612,3.258234607704847,Normal,0.0,0.0
7.0,2023-07-25,05:11:15,4610.822041781425,267.4526014277018,127.36947344788108,378.81341132319557,1257.4648270215432,0.9242542746031159,4.606698298334892,Normal,0.0,0.0
5.0,2023-04-19,19:22:39,,159.75657421085032,891.2000730636024,40.90207171746441,,0.554356681216369,1.4821746209932463,Normal,0.0,0.0
8.0,2023-09-08,19:34:04,3057.8453109595766,117.01127709784822,548.8728015425997,1139.9372368961838,989.27586514865,0.3887263478765467,2.4029912345036673,Normal,0.0,0.0
20.0,2023-12-09,10:38:46,4907.177491310345,180.94501276593172,87.64983619465328,197.43528207172943,1358.7136682683883,0.46381424972767993,3.200273165623919,Normal,0.0,0.0
1.0,2023-12-03,01:28:19,3728.766757020395,163.04788692989015,133.2099241366287,1897.1887693965257,366.82362084539386,0.5784925082293301,6.93422128056309,Normal,0.0,0.0
9.0,2023-06-16,03:50:53,4978.7366607859485,118.50008758779276,,2021.1052006264695,1197.7484797679172,0.30752979549045634,4.920544893824006,Normal,0.0,0.0
11.0,2023-07-30,07:51:07,4853.919789897311,121.60891187528142,,1756.6911863799057,903.7867471796698,0.0860321570329432,0.5702691400361937,Normal,0.0,0.0
12.0,2023-07-26,22:13:10,3551.096567382366,264.0135004111299,41.57895984659377,1494.3898306441272,1096.1035357334972,,3.0777090529314908,Normal,0.0,0.0
1.0,2023-12-21,07:07:58,1542.7532711691172,278.72705066922674,74.6384310794288,2723.206299532538,1495.535353175677,0.7004317991565039,7.7044722107398975,Normal,0.0,0.0
19.0,2023-04-27,04:45:52,2263.092604997984,111.37627955552931,766.5273162216272,2106.322362341378,630.7578843572121,0.675662902207073,3.9593722619594987,Normal,0.0,0.0
14.0,2023-05-02,10:27:53,3201.887108411762,258.00296831197636,,1739.193498402576,649.312491649322,0.8157694046351072,4.667280937679505,Normal,0.0,0.0
14.0,2023-11-30,02:29:27,4990.997556040802,190.34789519628876,354.72855673021263,1202.1125005033998,349.69003191376146,0.8832736014262238,4.1482565552135195,Normal,0.0,0.0
15.0,2023-06-30,21:51:57,1245.78516052315,262.74466874444545,940.5039528794026,1946.2961584781578,1440.935707516454,0.1514323143699633,4.774161894803537,Normal,0.0,0.0
18.0,,19:32:00,1650.1519498748314,235.12426191964866,38.08630059931928,1859.9056946224925,1107.6579598794497,,0.41964073443634287,Normal,0.0,0.0
3.0,2023-01-08,23:18:35,3161.1155727496844,115.85605692623835,565.8505603132467,2724.0556362649872,715.2064131476867,0.29632580189980007,1.4346945701802005,Normal,0.0,0.0
4.0,,06:47:45,4020.5344697807836,217.32478365673254,828.4386709389909,240.56027043633986,819.8905410530617,0.6300931268616634,8.286529061182893,Normal,0.0,0.0
7.0,2023-09-10,00:57:25,4883.760998418475,135.43070464452512,722.0660642037852,120.85655633399539,727.0496726809015,0.516283299197674,5.806452259096341,Blockage,,51.02404398682846
1.0,2023-08-17,11:53:29,1088.2645947291635,296.50425445120777,86.13213906368034,2443.160337806284,564.4351783168363,0.13217965775387175,4.398556397138349,Normal,0.0,0.0
12.0,2023-10-01,02:06:42,2837.3257632021714,250.42573990871423,905.5388379289011,2506.1175908527384,455.95423330838867,0.4411505522306324,1.99411597758535,Normal,0.0,0.0
2.0,,23:21:01,4303.729234200065,226.29175851660412,784.4054732127973,1795.6889796532798,738.3833886803661,0.9579458599261376,5.411138248788447,Normal,0.0,0.0
19.0,2023-04-29,16:08:57,,111.91741947062874,604.3593197147711,2291.0768080509615,,0.2267726253196457,6.665219766930349,Normal,0.0,0.0
15.0,2023-12-05,09:27:28,2546.8282281759116,110.23004112407952,397.7934409290982,,828.2825704562227,0.38278410040304056,8.391466080707525,Normal,0.0,0.0
4.0,2023-06-28,20:02:44,3213.1625584920002,204.08988083305718,994.58198903526,605.5255060912743,535.535107908609,0.11354064232628669,9.175430096537447,Normal,0.0,0.0
2.0,2023-10-05,23:48:36,2804.772765802895,166.0782947331233,589.2146143478554,1362.8351903694675,787.0352625872476,0.9369278637311389,,Normal,0.0,0.0
14.0,2023-11-30,08:35:56,1236.423283502618,238.1452630226526,728.7862222565759,140.91897329441937,1406.4672752975025,0.09114063944467754,2.859005337712024,Normal,0.0,0.0
19.0,2023-02-25,14:08:39,3611.891687631757,215.92381944562732,22.21848202558041,2965.61996113712,253.8565154652041,0.967802737648485,5.498641783643982,Blockage,1.0,15.344230362485469
13.0,2023-09-26,04:24:19,1716.1265497663353,259.5028090592972,677.5458051837759,1640.7866279564307,817.6168347267985,0.9224342836561245,0.727349477786684,Normal,0.0,0.0
11.0,2023-05-27,02:38:52,3749.18225033007,292.32316140923314,730.243334357868,1469.6114301532336,1019.932677839508,0.7396828977631081,6.122757656938724,Normal,0.0,0.0
19.0,2023-12-04,11:54:27,2680.0440171826513,215.67195262330802,832.6117733261311,2412.4966949516524,1326.3501386016103,0.05961732534465902,6.920505530397448,Normal,0.0,0.0
3.0,2023-06-17,15:37:12,3474.4411563757562,213.71045112092241,59.17707186354182,1898.4078319845207,1199.5960579425189,0.9940816546455755,0.11078552594309676,Normal,0.0,0.0
8.0,2023-03-26,08:00:05,2421.757349456247,233.84380598497333,483.80253986064724,1255.1686001350006,665.154624136271,0.5937806319434522,5.75593428640082,Normal,0.0,0.0
7.0,2023-12-13,12:43:17,1276.614270874005,265.4997483271347,,1419.082510029062,,0.6993394662526431,3.305610023062908,Normal,0.0,0.0
8.0,2023-04-22,12:12:48,1532.7285026700938,152.26660357707675,419.0994729170853,1797.8978610191662,867.8202117798962,0.2881845259595295,0.06464357789710551,Normal,0.0,0.0
6.0,2023-03-16,13:01:39,1514.38594384221,,60.90193309949332,92.7926441806981,,0.3616470948410445,1.2537534923387328,Normal,0.0,0.0
1.0,,12:48:59,1486.7812269066892,217.6187275210894,316.0776838432641,1880.9053035861496,1250.9133469952299,0.6116464193899924,2.957475625950207,Normal,0.0,
10.0,2023-12-02,,2538.93030602978,187.19903611411718,594.0494655668111,1768.9604854546428,287.58993297850344,0.8315407863376656,1.7732655322393942,Normal,0.0,0.0
10.0,2023-01-30,19:17:59,1058.4359884355315,172.07509847263412,604.8394293625812,1162.353887767616,1322.523863386657,0.30880227534961535,,Normal,0.0,0.0
15.0,2023-04-09,19:04:54,3650.2716709551405,261.5435639962959,885.9139954974249,2448.2371270300537,224.62902438666094,0.7359179535519887,2.083995736183316,Normal,0.0,0.0
,2023-07-10,13:08:29,2024.7660577574197,144.13021192434968,138.12529314024724,2577.3352729407493,850.0757369484127,0.6748932030541548,2.390663840750297,Normal,0.0,0.0
20.0,,01:53:55,4726.791894724675,224.0742504247442,803.7552360117627,251.1748135360452,701.7213642180055,0.37394713447906747,8.862882164557176,Normal,0.0,0.0
18.0,2023-10-03,11:54:16,1729.83216260996,293.04192770914705,428.18393986717285,1896.0576252673093,1143.944637148028,0.3669614070072005,1.4722707441051697,Normal,0.0,0.0
,2023-07-11,,,153.83231419832583,198.6316138618691,2350.161659987515,1382.0285027680902,0.3702321856845767,7.512789243737669,Pump Failure,1.0,
17.0,2023-12-24,03:06:29,2356.9626446953453,112.48626545555607,486.173654104883,327.0408469227861,,0.3169426217672814,8.088263234916841,Pump Failure,1.0,67.55514971445163
13.0,2023-01-07,09:33:35,1586.780456060726,238.0645693801458,945.0240645805687,2047.6214363014712,631.1019038401841,0.5005793174308313,6.457250433510536,Normal,0.0,0.0
19.0,2023-10-11,02:10:37,1020.5585103422412,189.08190422115734,84.25537741797129,2047.957815132597,506.3097065491429,0.9435741440351771,8.712516273986527,Normal,0.0,0.0
7.0,2023-04-19,00:28:07,3710.8929648052817,150.4629472270306,873.0431470152033,506.575390111185,269.72522897708006,0.7174649906119122,4.754757152327337,Leak,1.0,20.869474206563392
9.0,2023-05-03,10:41:52,3544.1893693565066,180.3586270218849,577.8279715114357,923.6223758231023,820.3601032433496,0.7930630283706559,,Blockage,1.0,67.76742034215992
3.0,2023-04-26,13:47:30,1567.9770374083387,160.84837276543914,139.24684459410952,1836.025589878366,598.1912959537988,0.32610785251257346,0.7091595948797924,Normal,0.0,
18.0,2023-10-19,22:07:14,1995.1671549567081,288.4116438977191,298.27245423412273,2326.515890156998,711.058337669203,0.13925407078470398,0.1071529769535895,Normal,0.0,0.0
1.0,2023-02-03,14:43:13,2376.3664713977687,204.1087674609717,440.6648834242936,2639.7438801810436,,0.5077578381885688,1.383715947205566,Blockage,1.0,23.9982650156051
17.0,2023-12-23,13:24:55,3120.2498202069296,193.59609249560867,410.7092453916662,2452.8701349134585,1363.573585199783,0.8532424691971175,6.735465781313908,Normal,0.0,0.0
16.0,2023-05-10,,2283.4181709993745,219.21002315219005,995.734452051323,1305.7868389696616,1396.8988210122054,0.3450168399245661,0.5473270692498589,Normal,0.0,0.0
5.0,2023-07-04,01:08:42,4660.006150990109,268.7758822461858,742.2922314869471,503.4437869380859,356.4726490729819,0.06760474947238315,7.240291887729212,Blockage,1.0,35.55429253843437
4.0,2023-09-17,17:26:42,3976.1143213907067,242.20019238996224,234.49947767409373,2248.1370501724678,1393.193148021619,0.10802895749157926,2.3263663838677493,Normal,0.0,0.0
17.0,2023-01-13,23:17:53,2364.977799030882,188.83668137567332,675.5867735674387,,1319.8793918277215,0.8660356750457565,,Normal,,0.0
4.0,2023-11-19,06:55:17,4947.58378155319,250.91387224114732,248.60488461330633,1615.184937860873,1489.7763313221576,0.8575306077519237,,Normal,0.0,0.0
14.0,2023-01-09,14:11:41,1939.0176868998851,263.7738541040943,337.3306088457655,2482.571081861451,,0.30781915002611915,2.411652143077619,Normal,0.0,0.0
15.0,2023-03-24,21:56:54,1895.6983511863582,172.6545592797799,438.6475002460548,2932.4887746266795,1250.2253393891756,0.7374099443119462,5.370413147419742,Leak,1.0,
18.0,2023-09-04,16:37:13,3696.070139535869,268.86297283047645,915.8075833506723,2153.7980728203056,568.6903004422771,0.32628215156894647,,Normal,0.0,0.0
1.0,2023-11-04,20:28:05,1311.4260784350784,291.0896382876135,246.96116699189253,2578.9360360578194,419.4530075199334,0.8539428821418529,0.13228812905293985,Normal,0.0,0.0
1.0,2023-04-10,09:42:16,4278.49947819058,277.6382699322608,199.2196858370765,852.5528871351863,575.6590823973761,0.3770539310016988,3.933206703851887,Normal,0.0,0.0
7.0,2023-04-06,18:01:09,1777.0942840072057,189.4402064432876,829.821264717285,1964.176045495329,734.5652873754103,0.6633625340146814,1.1822241207245987,Normal,0.0,0.0
19.0,2023-02-14,00:22:22,2095.952397879887,291.1298934532979,953.6326078296895,1056.981162757618,256.03014163282126,0.17909493932818155,3.9221779343354015,Blockage,1.0,17.036740066379835
1.0,2023-12-02,22:37:54,2910.9685055981436,195.63178471116882,767.9699780618315,1885.6992019418497,1023.2421620922336,0.4502824838315258,5.311094963375275,Normal,0.0,0.0
18.0,2023-02-12,06:40:00,3247.455159238074,234.28121452874737,926.308276921196,1857.5041327291751,1272.24903237378,0.6888105035899871,5.519363610604665,Normal,0.0,0.0
1.0,2023-03-15,18:46:41,3257.5815213559586,286.59132510564547,586.5117810374487,1578.247555252209,,,1.9316000840843273,Normal,,0.0
2.0,2023-05-07,03:49:06,2652.4295909085768,139.86909789423663,412.36648727468105,216.83084271952978,948.521621606735,0.8536545489411119,7.252870843545552,Normal,0.0,0.0
6.0,2023-02-10,12:23:39,1828.2283335321313,208.7946222569935,231.59902476389894,2546.7716084282183,716.4529146925977,0.24555062594449106,8.123261802470616,Normal,0.0,0.0
17.0,2023-04-27,17:47:29,1823.1775079576869,248.3132216933659,546.6772648973117,2653.4361827902776,920.1912321540702,0.5345592191563087,1.9545800036839989,Normal,0.0,0.0
5.0,2023-02-14,17:16:08,4560.946487183084,122.98126867238206,3.8371455078008987,1506.0245932175465,958.0661704887301,0.5789653202958044,0.5451192743782629,Normal,0.0,0.0
15.0,2023-09-04,18:25:51,2949.5377666881714,238.28321150263042,261.75110013448244,1872.7222109925544,1278.200695185087,0.19033697509504754,9.172205918248629,Normal,0.0,0.0
12.0,2023-03-17,16:55:02,,269.69435488125293,363.25535167581023,2381.805400355554,1423.2900193467683,0.623210373068007,7.416272874518889,Leak,1.0,
1.0,2023-02-18,09:53:15,2549.8658552870265,216.68430380368702,464.20394895212667,1857.6129518764646,824.3825364287625,0.6617038454813468,2.1912606467080087,Normal,0.0,0.0
14.0,2023-07-18,,2930.4049426460824,143.20628807861445,967.2711903702976,2145.3750594506637,1444.275282301735,0.4271050453603432,4.751003406917205,Pump Failure,1.0,99.60710499533539
,2023-03-19,,1493.7994632414204,141.19600717539234,0.943415267631087,,1470.468970130008,0.2423536951367623,6.633107095040019,Leak,1.0,28.22906020640883
20.0,2023-10-03,13:02:54,3925.0023573895005,253.94932457141743,975.4103676847451,1720.68984008013,,0.6484645569002371,0.6844070924262613,Pump Failure,1.0,41.19086563270034
12.0,2023-06-29,21:29:52,2574.5420811097683,194.6871318750043,854.5473932021803,1020.0131581796765,1330.5445902558226,0.08813443097669149,7.767984372086307,Leak,1.0,11.999976724842906
3.0,2023-03-10,22:52:36,1476.4261435068652,128.1094255991086,286.4737377445836,1554.2314955926834,1172.4208997092232,0.8365308907609035,7.043353159571804,Blockage,1.0,55.27958461541954
14.0,2023-01-14,09:11:37,3110.3518930886626,151.7808549586279,52.826686364721986,2178.2545544515515,357.69389740719436,0.3027751282719672,,Normal,0.0,0.0
4.0,2023-12-20,09:20:21,4593.421100670661,216.5372293109166,124.10736771377739,364.24471651491643,1137.4720645638708,0.18378466510790115,3.2838549961660535,Normal,0.0,0.0
12.0,2023-11-25,01:07:57,2337.7701084724163,203.86253852846062,197.55590567847824,2415.52319208113,441.51004110832014,0.08496628988946642,4.362460263571574,Normal,0.0,0.0
18.0,2023-12-08,20:43:49,1278.877703334918,278.6809458175974,387.83426957109435,863.6390342090425,1142.1051305403719,0.8364155965798566,8.62489621898301,Normal,0.0,0.0
10.0,2023-05-25,18:49:37,2940.071950096165,117.08060603254432,972.4613900279022,1554.0312941282937,998.4421176147148,0.23660978270750732,4.834980851068038,Normal,0.0,0.0
20.0,2023-12-18,11:47:41,1779.8330859945222,200.98229025002786,768.747131362513,185.83955573696375,949.8502955297326,0.11921044284057336,0.3646105082561846,Normal,0.0,0.0
7.0,2023-08-20,00:20:01,2049.6335059572075,184.3425235051833,39.922532563751226,1347.2355424046277,950.8970048282738,0.5709070537521448,3.324266921743652,Normal,0.0,0.0
12.0,2023-11-05,09:22:51,4973.060785718986,273.7114056498922,564.639857896202,1549.882775562826,569.9804969960853,0.5172094276935294,8.481814982799472,Normal,0.0,0.0
19.0,2023-10-06,,1382.5627840948637,183.827234888411,113.29960439826769,515.7376731813131,911.522089641332,0.16459927369957472,0.6387976743090285,Normal,0.0,0.0
3.0,2023-03-31,07:58:57,3058.9687750271196,119.91594270800579,16.02815645512312,2891.055566061147,690.0820174728942,0.6032130620995043,0.7971507318728499,Normal,0.0,
12.0,2023-01-16,22:39:59,4208.153081131474,132.11873900866172,537.3404968431812,575.8663169871772,1135.0047447573907,0.27155045517748566,3.1621512256333006,Leak,1.0,24.95818349710379
7.0,2023-02-09,02:14:47,1619.430296315285,174.5999671133726,209.03703738592228,2087.3849008222364,1427.4714898499399,0.9955109680158664,4.502768104415908,Normal,0.0,0.0
17.0,,06:39:12,1521.4125201730621,140.7069747773793,769.0611331597242,1276.5169778155284,935.0407216782994,0.021009156986360744,0.34431308573314556,Normal,0.0,0.0
5.0,2023-09-13,,3021.4610260237187,180.60626225654732,634.5564677415248,1863.5589665822497,356.9706266656841,0.9769655461266226,1.8693142944144692,Normal,0.0,0.0
13.0,,13:10:41,2714.577116834127,225.70043404724078,215.15562162405556,1882.4036962982184,1400.7642888145485,0.997518131172675,0.32451076790675715,Normal,0.0,0.0
,2023-09-18,18:53:50,1813.95197822125,290.91076848349996,,140.9775030093524,640.4569280863027,0.40514855367840663,2.3901453466594336,Normal,0.0,0.0
9.0,2023-03-02,20:17:42,4790.744708257118,143.75434168217595,326.22050698093153,2268.5767023203416,711.8816840350287,0.6082113767664467,4.4457350106942854,Normal,0.0,0.0
10.0,2023-12-02,11:51:04,2156.9756112786727,173.87082601788646,663.742738625387,354.71517741642157,1440.1287762419088,0.8655712200947645,5.772160730089501,Normal,0.0,0.0
17.0,2023-10-21,22:21:03,,182.1463086982024,504.6372879774349,22.05913366328094,1099.2361483750956,0.6613426789447244,0.3840087732634456,Normal,0.0,0.0
8.0,2023-02-17,18:42:33,4427.341398892706,193.37561982462088,359.71986191026963,1608.4661587582082,1132.571578947277,0.44356334549850274,9.38876975142273,Normal,0.0,0.0
4.0,2023-07-14,21:48:21,4454.564209668624,299.36183613622177,426.85832879508956,333.4526393499355,239.54064505035836,0.7268769061397716,8.740136713087157,Normal,0.0,0.0
,2023-07-26,22:27:15,3050.4609764127995,158.1753708463165,469.40684198925806,2573.5733505524668,596.3740617005826,0.19267639648670032,1.2907124693088146,Normal,0.0,0.0
20.0,2023-01-19,12:43:06,1038.1734122689065,115.06028671969395,375.85246518197926,2461.6339432379614,209.28470629871856,0.4567305928858403,3.2923061534139455,Normal,0.0,0.0
10.0,2023-01-10,05:26:59,3822.461219137172,204.31019678219343,124.64742899281333,2884.243621270917,1026.6839954226598,0.7658684256625315,0.7921315000837081,Normal,0.0,0.0
20.0,2023-10-23,05:42:18,4134.006010351635,102.1026449083307,761.889894377484,2679.913481364368,762.691897374324,,4.7698339261765375,Normal,0.0,0.0
6.0,2023-11-09,00:06:57,2949.6252124032303,289.0743299229556,57.23669351680938,2792.995859137752,265.6596100976485,0.5473047441146843,8.904409480010857,Normal,0.0,0.0
18.0,2023-07-17,18:32:00,3350.5079464604346,264.1183578648296,392.26704152354705,1342.6555653181856,1149.00223740512,0.35775476329371425,0.6390094204837382,Normal,0.0,0.0
12.0,2023-04-19,01:20:55,4866.233757522176,288.9414763344963,334.878290136985,1712.5618088362846,1382.4740084442276,0.0061838226408966745,8.106835703375918,Blockage,1.0,13.844846997347652
10.0,2023-02-11,19:08:16,1096.1649494657513,206.82793922713944,688.3384115465649,2246.095435317465,477.0847551081177,,9.558431471751637,Normal,0.0,0.0
7.0,2023-02-05,07:44:03,4909.826252735371,270.66343733331723,498.3330282942372,1809.7362680520894,495.439369627561,0.5437870703917469,6.949701331214758,Normal,0.0,0.0
19.0,2023-09-25,17:16:29,4088.6081104633527,134.09250231632842,384.51581370626656,1040.8768511327576,761.3492236401105,,4.841730321634074,Normal,0.0,0.0
19.0,2023-12-31,11:19:00,1750.0178284759213,250.11969134882528,235.99660590923753,430.63426783130376,441.0315054862706,0.18206312888185539,5.128628793769911,Leak,1.0,7.502623387670248
18.0,2023-06-16,16:28:17,4471.918506923612,216.6211514559796,718.0141781270015,1116.130703436622,320.1843721481866,0.4579002951270714,3.9447939083885752,Pump Failure,1.0,59.135323538756005
19.0,2023-02-04,17:04:13,2392.207821909282,279.111148174777,966.6222208961075,1330.317308508132,617.2961593331672,0.526094013251542,6.8776920636573475,Normal,0.0,0.0
20.0,2023-06-15,22:03:14,2545.150820582181,170.69463841214412,315.6332153671523,1473.05928800673,616.9536570050426,0.19225791846809193,3.094695490886009,Blockage,1.0,34.31125868767031
10.0,2023-04-18,16:03:06,3725.128442129735,243.19693870834482,607.3244167930659,265.73501890993225,1079.9339585758494,0.06409471103617548,5.961426495498969,Normal,0.0,0.0
2.0,2023-02-13,14:13:05,4375.251454633224,192.065810128553,217.58793993164448,401.334434981904,1439.2993178570844,0.07266558758115671,1.9909341993592566,Normal,0.0,0.0
7.0,2023-09-26,23:01:03,1358.2640972652425,243.07282304577794,271.14225338058804,2280.984664212413,1139.134799802608,0.007391901444293025,5.091354129215992,Normal,0.0,0.0
6.0,,23:58:34,4200.550331008304,148.33178416383703,,950.7124131618742,546.8329142639801,0.5059258001463939,7.777279100677931,Pump Failure,1.0,145.66042829911322
6.0,2023-09-30,03:39:48,1243.622172940731,240.31305312058845,9.827552569787844,1227.5477623754657,628.1930500926985,0.6933775385188524,7.662454727603789,Normal,0.0,0.0
3.0,2023-08-15,,3771.6809168991545,297.47369446244,225.16102421593186,1986.9537406187471,992.5864807585106,0.9150984544900299,1.5636214164487505,Normal,0.0,0.0
16.0,2023-05-08,12:34:02,2042.835096531409,203.6559441377422,722.2160986736462,522.470077186189,910.9455259236628,0.7144596838857817,4.446276579139047,Normal,0.0,0.0
13.0,2023-11-23,12:01:05,1727.0543910447768,200.82656838368766,322.8097934478503,774.3229295202442,803.181042672495,0.13328425808217315,9.277457330754073,Pump Failure,1.0,125.89736434663709
14.0,2023-03-11,05:01:21,3513.627830563959,187.7298036871969,38.75693555418247,1498.6450056140136,1194.209114762616,0.26555759801241363,8.067735696487674,Normal,0.0,0.0
18.0,2023-06-15,21:52:36,2740.0583773608932,158.53101953348158,545.4279502117131,400.24900656962126,1099.1364225653138,0.7950115369284704,1.633544497431565,Normal,0.0,0.0
3.0,2023-04-08,01:29:12,2869.0439840300105,121.34236382047085,649.5560067569618,2603.9987756852697,1276.6416301204888,0.6260547089808013,0.7527871665167363,Normal,0.0,0.0
7.0,2023-02-16,20:58:37,2546.7857999498483,264.22848494406946,969.4908994061782,1361.7784092653878,859.0995061863516,0.5721719617837697,9.323481416337108,Pump Failure,1.0,48.56656194551678
7.0,2023-09-17,02:55:28,4722.689022249593,104.92888092726453,696.6889878731969,2175.9791722076343,1287.2921506335192,0.9744393106384753,9.756019191566525,Normal,0.0,0.0
11.0,2023-04-21,17:58:00,3056.9080450639103,207.8382159027266,255.0934328323794,2303.629090901134,1177.3329635774332,0.5883656892176566,2.1266428651134284,Normal,0.0,0.0
12.0,2023-03-10,08:01:33,2876.099758871534,285.7111065788272,641.0861035821595,934.9587499639467,882.9137437859378,0.06605530782216007,9.725682356497368,Normal,0.0,0.0
10.0,2023-08-06,20:44:25,3861.2892421165425,153.62864592238418,315.668481164066,375.7536932886238,1052.1629633999464,0.03979712733565255,5.976823355234591,Pump Failure,1.0,152.2798293537072
16.0,2023-11-07,,3683.060101772143,,244.65505460471303,1263.902644900094,1290.4911377948515,0.877120467662288,2.431799802642259,Normal,0.0,
6.0,,07:50:53,4282.030016928436,252.00698036063477,48.766318813140416,2531.1863781307725,769.4572986769989,0.34239512329585964,5.4647636102537644,Normal,,0.0
10.0,2023-10-12,21:15:35,1752.9287990761823,136.84973031453484,57.002387551933985,1763.3953481150543,1292.4526308650604,0.0174982139873886,0.4900464497127355,Normal,0.0,0.0
14.0,2023-08-13,08:56:26,2096.8515564965883,105.32167321553683,735.228518101596,1876.9497388243594,,,6.752308375620375,Normal,0.0,0.0
4.0,2023-12-27,,4036.9559186279803,223.9495708983132,77.41155198475059,1538.5060873054263,646.2912599544632,0.32857063273229425,6.022563023772572,Normal,0.0,0.0
2.0,2023-11-10,17:22:01,1224.8556218395138,249.50412734930097,850.8527573220954,858.405127374943,1032.5814561912287,0.3141620638369721,9.57971066482454,Normal,0.0,0.0
9.0,2023-09-16,13:54:10,1870.915598731734,224.24530609603346,48.078968486450215,1450.7237571116025,219.04126545423276,0.9211438801808418,9.760860241995717,Normal,0.0,0.0
8.0,2023-01-16,16:50:53,4580.3062366473805,214.78582722459646,350.77762301031214,2498.08123904826,841.4287105374137,0.9116329137084755,9.28014236729381,Normal,0.0,0.0
11.0,2023-04-13,08:41:49,3258.376325161286,150.46454885274903,915.289940379274,797.0566945987905,1364.560451028253,,6.565627023996523,Blockage,1.0,18.79996405748669
4.0,2023-10-03,17:52:35,1760.9117232805502,204.17715654013585,469.059744390119,,1263.8001629778937,0.3356824006428417,5.745821975518796,Normal,0.0,0.0
